30000034994029
3382476516291837957
3382768687091875845
3382768055664902149
30000032778680
3382769798611861509
3382768761196773381
943465442469478401
30000034194691
3382768427447615493
30028548773271
3382769747122323461
3382768049872437253
3382769086024712197
3242434587047559173
30028541640389
30000036246993
30028545474867
3382769660103491589
3197921631598346245
3382768159633113093
3242796615088406533
3382767474334302213
30028542969444
3028546051629
3185532026519683077
3382769309648224261
30028538488205
3284607672768266245
30000037668576
3242431974998802437
3382768894949326853
3382768579692527621
30028544393745
30028551356688
3382162145619607557
3242795907807117317
30000037938611
30028539298775
3244607961907200005
3215269796691902469
3382767438023884805
30000037354301
3242434520706187269
30028547941322
30028540111092
3242169443059105797
3242796417670905861
30000033212871
3382768441209520133
3242431567866167301
3382769557896757253
3382769500388524037
30028547459761
3382768237735313413
3204879752867676165
3382769623788945413
30028539493371
3242435878469500933
3382768687968419845
3382769751736057861
947827198339842049
30028539356489
3382767516989980677
3382769608014102533
30028540236686
3242796955833597957
30028550913435
3382769409992818693
30028542493192
3244371523491004421
3242792477885988869
3382769837388464133
3242430989681098757
3382769740218695685
30000036931873
3243159947373838341
3381264072374353925
30000035062403
30000034206764
3382769619024609285
3382768415192317957
30028540862861
30000036527001
3382769667627876357
30028538423257
3382769878010167301
30000036693757
3382767516046393349
3198413271915888645
3243686749704880133
3242436032228687877
3216722880425295877
3382769514103701509
3248724043526766597
3382768070323470341
30000009335504
3242161777142267909
30028547423329
3382767091528302597
3028543715081
3242435846660161541
30028548411508
3243158502003900421
3244605019862532101
30000037409821
3242434499856433157
3382769723403730949
30000035006066
3382768228109385733
3276976856265326597
3244607103286575109
3382769857126531077
3382769632761020421
3242429523910262789
30028550891690
30000037751100
30028548282407
30028538733041
30028547921434
3382769713295654917
30028540431509
30000035490592
3242796619756994565
3382769577094021125
3382767994054508549
30028542422062
3382769858682945541
30028540209831
947650320131948545
30028540206831
3243522244819288069
30028541926092
3382769669787746309
3382769630239653893
3244609445390516229
30028545844951
3259909315594354693
3382768406988193797
3315069631608520709
3382768822953836549
3382768157657268229
3382768688908337157
30028539124558
3382769676696027141
30028549329994
3382769137589288965
3382768363304452101
3243883244535021573
3382769377562460165
3382769713060970501
3382769915213643781
30000037330140
3242079470838546437
30000033543142
3382769255390642181
3242190922060595205
3242795580303278085
3242434428452667397
3382769176860753925
3242797648523165701
3382769494130753541
3242438560383107077
30000035005351
3382769522979241989
30028539207384
3287124655220654085
3382769821999562757
3382769519908683781
3382769666273312773
3382769812625358853
30028543853414
3243522132067942405
3382769891926605829
3382769376300105733
30028540234634
30028539479823
3382768653818658821
30028541061955
3242792397443432453
30000035223449
30028540897852
30000033212884
3382769254895845381
30000036890153
3382768884501250053
30000034994704
3382769198176075781
3382768951848927237
3382769151993118725
3382769079724933125
929437755564359680
3382769125887705093
3242416929719779333
3382769798385369093
945015354801782784
30000035859636
3243159903123537925
30028542249708
3382769650032902149
3243159847259471877
3230516294661308421
3244609363404062725
3382769658362527749
3382769805985579013
3242435490727067653
3242221879446601733
3382768526563672069
3382769383136690181
3382767916011028485
3382769575827537925
30000027856202
3382768665889800197
3382769035172773893
30028540789038
3242420918733504517
30028540404413
3242775683481010181
3382769549998882821
30028542807408
3242205745632509957
30000031237151
30028547217312
30028548821287
3382769733432246277
3382769555879231493
3382769679170863109
30028548721176
30028541842630
3242794415675342853
3028549588678
3382769268732723205
3243159528983887877
30028539476164
3223322066323111941
30028548657198
952149355102470145
3244609077440741381
3382768049457332229
30000037313980
3242433830890110981
3382768264872132613
3243159901564043269
3382764916857241605
3243520512764477445
3382769678336327685
3382769666642411525
3382758216679096325
3382769425012359173
3268901708038930437
3244248853911044101
30028549733666
30000034503255
30028547560401
3242796953053036549
3242171380655587333
3242433633036468229
30000036294917
3382769484236521477
30028548063927
30028538986453
30028542675137
3242161730803662853
3382769198310817797
3382769762788179973
3382768477062496261
30000036301478
30028549762387
30028540435964
3382769863296155653
3183812491608915973
3382769559200923653
3242434700008488965
30028539271774
3382767967001575429
3242434954648944645
3242433598529732613
30028548664968
3382438840461361157
3382334841251102725
3382768180868874245
30028548773833
3382768790389194757
3242796438160080901
30028548771311
30000027117796
3382768542170349573
3382769653774221317
3269635874594553861
30028538812947
3382769778898567173
3242432174068662277
30028550897851
3243521926685458437
30028542346301
3377999071056166917
3242793579066687493
30028551004125
3382769465135661061
30028539955567
3242437912380112901
3242433630263836677
3382769546433462277
30028542521298
3382767684988567557
3382769418524295173
3382769256204795909
30028544876921
3028549668485
3244607770118193157
3382769721571213317
30028541216186
30000035059709
30028539635722
3227971405712523269
30028545071335
30028551048174
3382769393185980421
3243882844557672453
3242795120125214725
30028541169797
30028549836488
3382769583330557957
30028539437010
3382768795397521413
3244608482029993989
3242797058577334277
3244337520440770565
3238192987626864645
942031550852104193
3268932194136227845
30000038263081
3382769095403044869
3242433340945006597
3382769545565044741
3243879331073097733
3242432793664028677
3382769037580632069
3242812542781751301
3382769250261139461
3220725691286880261
30000025878814
30028543342019
30028541904536
3382769879159275525
30028540241380
3318690020268507141
30000036683379
3213618695135232005
30000028381921
30028547396989
30000037657162
3382767537399922693
3382769683545522181
3381345805807779845
3243159755794415621
3382769566947606533
30028542783273
30028542028176
3382769375452725253
30000035405759
3370025362063753221
3242798689234714629
3242433701357486085
30028547137068
3242797082040270853
3242797068908232709
3382769870317682693
3382769555283378181
3382769211341930501
3243539294438555653
3382769543786790917
3382768122379042821
3382769138407374853
3382769791225757701
3382769682060804101
3382769481853763589
30028539468094
3382769676448497669
30028540210889
3028545334724
3242788328519434245
3242435428957814789
30028548800180
30000009468064
3382407680863961093
3381653934084849669
3303381350445154309
3028545248804
30028539020554
30000032487841
30000037328326
3372998577073618949
3028549844331
3382769779863126021
3382769769838739461
3243882512477847557
3382768928352436229
3242796858488193029
30028551328371
3382769700406165509
30028550559263
3382769903897477125
30000038520294
3382769642776887301
3382769811932971013
3243157930076995589
30000036205590
3226835540592427013
3300149915269857285
30000036605549
3217477647606874117
30028542900885
3242434950135939077
30028540658537
3382769624573149189
30000035559573
3242794789286838277
3382768850934104069
3382768441406652421
3382769684908277765
3382769074213486597
30028542463427
30000031699796
30028548831371
3242135720955805701
3242431714369011717
3028545116160
3242160558772453381
3325641753087901701
30028544025471
3382769509783502853
3382768774216024069
30000030596163
30000037846892
3382769790504337413
3382767889670995973
3382769740223283205
3242431486861377541
3382768509173628933
30000034311274
3382768114493882373
3211668426944217093
3382768268429295621
3382768719925084165
3382769769427632133
30028544978116
3382769045457600517
30028539469783
3382768931657613317
30028540243695
30028539284061
30028540772738
3382758826195222533
3028548017435
3243153673911730181
30000037332758
30000037887445
30000030041114
30000032974599
3382768989060988933
3242163623915225093
3382768364961071109
3382769878253043717
3236040650837917701
947647256620695552
3382769515345608709
3382768427460067333
3382769608324939781
3382768939308351493
3382768793266487301
30000037854049
3382769334587817989
30028545852393
3382767455556075525
30028546244222
3382769241800966149
30000036805168
3382769602503049221
3382350604825329669
3382768676224761861
30000037741179
30028539300360
3382769692386852869
3382769749638971397
3382769792307953669
3382768046428782597
30028539447428
3242145791647154181
3242848494351089669
3382768382904303621
3382769005405798405
30000034974550
3257286306051981317
30000034210689
3242797337423249413
30028548723212
3382768536684134405
30000027506017
30028540422649
3274398843312340997
30028548974290
3284502262258073605
3382769333887172613
30028546502447
30028550466074
30028546118673
30000035521184
3382769104970711045
3382768667437170693
3243158339159719941
3382769822217732101
3382769265046388741
3243522101600714757
30000035294401
30028546046060
3326636539806547973
3382769851006844933
3377250276752162821
3242434856573796357
3382769591476289541
30028543594838
3382769443345989637
3211278788480073733
3382769088491159557
3332060988290891781
3382769696443072517
3382769786951761925
3382768197969117189
3242437282659893253
3382769773408354309
3382768992374292485
3258444755918389253
30028548420704
3382769874742738949
3382769002625368069
3382769157822611461
3369280633349210117
30000037649856
3382769536497090565
3382769060972396549
3382769826134622213
30028547998863
3382769393186308101
3382769808535584773
30028551057531
3242435715927638021
3382769768836825093
30028538978574
3382769825107476485
3382768756834828293
3242431032526110725
3382769425641766917
30028550316203
30028540031776
3377240346888503301
3382768606448123909
30028548636604
30028548315935
3382769311951290373
3382769918258380805
3382769678004453381
3243542821382455301
3242793960488501253
3382769371237449733
3221435800937824261
30028545025210
3382769042102157317
3382769231731032069
3242225263348350981
30000035813998
3382768845267402757
30028539468144
30028539321184
3243160492356468741
3244480747286953989
3382769516138201093
3382769817151012869
30028545142149
3382767797220343813
3242277557766782981
3242436631749984261
3382768754225971205
30028542611863
3382767537948917765
3242164008251817989
3382769893969494021
3305988688922673157
3382769799605911557
3324825739630739461
3382768780171673605
30028547472998
30028542221158
30028548701116
30028540298393
3382767832288329733
3338942269528145925
3243160052151222277
3382768590593720325
3298642500896161797
30028550405238
30000037960718
30028548771946
3382769882040958981
30028547792458
3382767790110605317
30000033960203
3382769476979851269
3382769710258716677
3242450659817553925
3382769225934307333
3242430917614764037
3243158273653080069
30028548721857
30028550827094
30000034869126
30000033200452
947952112606642177
3028545942520
3242625278818254853
3382769470445387781
3242434862181515269
3242420493280280581
30028541692644
3242431001572081669
3382769048158601221
3377244598671245317
30000031912652
3382768906110304261
30028545065761
30028548802209
3382769533343039493
30028548726531
3382769597923065861
30000035394640
3382768678485360645
3382768428970475525
3382769786838515717
3242283951127527429
30028548828830
30028539354667
3227694206421893125
3382769651072958469
3382769340560048134
3244608261854265349
30000034188330
3197268928215973893
3382769754584252421
3028548082593
3377366658064056325
3382767835275198469
30028538812839
30028548233340
3243521962471587845
3242436691669811205
3028546587545
3242795250714935301
3293151408330964997
3382769887250415621
30028548732093
3382769865804808197
3318681621434793989
3382769411011903493
3382769739744542725
3382768042146398213
3242425470619025413
3379798106243268613
30028541994900
30000034187156
3242435113558474757
3382769847203069957
30028540482477
30028548226804
3382768074463838213
3382769884977037317
3382769758338416645
3382769602343927813
3242795358936367109
3242797262001209349
30000030582427
3382333160304082949
3382769146020429829
3243155164138962949
3243522235445477381
3243159791865298949
3242431679195316229
30028545520740
30028539286954
3243884489270296581
3375827622476447749
30028541024334
3242427048088240133
3243159966256398341
3242647329931067397
30028548800487
3382768023783735301
30000034803354
3242796062803689477
3382769793545207813
3376638512847126533
3382769867549573125
930823814361645057
3321470959457533957
30028539181577
3242185184923680773
30000027827038
3242433472034045957
30028545287673
3382769273120227333
30000036998120
3382769883764359173
3242794292106821637
3382769561864699909
30028548931732
30028539523601
3382768750921121797
3344656351472844805
3382768882529599493
3382769627576270853
3377243543786749957
3382769801136701445
3382769498437844997
30028548445433
3242808901907972101
3316890752876609541
3382769401641959429
30028538696480
3200152149190967301
3189556233240641541
3233882321528815621
3242779913294512133
3242436420021387269
3382768192507805701
30000033000211
3325438161504763909
3382769641300164613
3244609090032238597
30028539092334
30028550137867
30028541091638
30000036329804
30028538508077
3382768760995905541
30028546339800
3382768951823630341
3382769659344388101
3382769307467513861
3242795603842039813
3209858212938842117
30000034816934
3382769506239381509
3377243363721216005
3195107949436600325
30028546285535
3382769184868007941
3382769694446125061
3264995555079749637
30028546247296
3382437660574154757
30028547080262
3382768993792229381
30000034194427
3242434101678702597
3382769767054114821
30000033776262
3382769454724808709
30028548725611
3242142606006157317
3382769538598764549
30028548236032
30000035338777
3243521054463623173
3382769834116841477
3382768205791232005
3377241212538126341
30028548801877
3242836161130004485
3242793144465752069
3382769307714912261
30028548800688
3242771803171127301
30028540805091
30028539209383
3382768691416530949
30000036334011
3382768657522098181
30028543706086
3382769684203962373
3382768808663908357
3028545153211
30000034963047
3243521819827044357
3242796115790200837
3243518266832650245
30028540278206
3382769559893114885
3382769845013512197
3382768772974641157
3382769405672488965
30000037741735
30000027439543
30028542902832
3242782150280413189
3382769838486847493
944690319977349121
30028542831272
30028539286041
3382769833378512901
3382768462436958213
3382769491161251845
3382769431522115589
30028540917837
3324045647384150021
3382768392274182149
30028547502286
30028543564995
3242160540082634757
3243884440376901637
30028544456834
3189917034342449157
3242796851919716357
3382769577970237445
3322182476024643589
948550701594705920
30000035013269
3243519093370322949
3382769850768359429
3382769603933241349
3382767405426212869
3242433644990169093
3382769510161514501
3382769167964897285
30028544007067
3382769018253148165
30000035105386
3382769489789255685
30000035007812
30000032564479
30000033884029
30000035124646
3382769459368034309
3243160673277968389
30028541338804
3242800350888067077
3242432313810485253
30028546497601
3382768710613336069
3242421860837097477
3382769873220403205
3242372949317713925
3382769132074172421
3242433896228978693
3382769079003643909
3382769122640855045
3242151462501482501
3382769727170150405
3382769643695308805
3242434537555034117
3382767993635209221
3382768156734586885
3382769580273369093
3242796730930823173
30028539390260
3382768364218417157
3382769505526611973
3382769632869482501
3262766551652106245
3382769409204092933
3242793625283919877
3382769433350635525
30000032518481
3243522240377520133
3283911622419939333
3382768310359687173
3382768542829117445
30028542484374
3322195177522200581
3382769439512199173
30000037332940
3242797169231396869
3346550563277570053
30000034995112
30000035901173
3382769563969978373
3243521686930784261
3325469921709719557
3382768196593254405
3351998729116057605
30028548827713
3382769034707206149
3382769209916456965
30000031846767
3243160251427323909
3382769880161452037
3382768954424557573
3382768407638245381
3382769514477191173
3242579506382831621
3382769746791432197
3243158497524056069
3382767427059974149
3382769433166479365
3244608400711155717
3242369757041262597
3243884366166818821
30028548774428
30028550155433
30000035099911
30028544476853
30028549942375
30028543328469
3243159821557170181
3382767673089523717
3382443103895945221
3242442325450555397
3382769399175905285
3382768132651417605
3382768671032147973
3382769136230531077
3382769226076717061
3242431210360274949
3240774675515310085
3382769745033953285
30000010858904
3382769879855792133
3242797450459873285
3382448577144029189
3382768973638729733
3242273906780536837
3242429304367808517
30000012162538
3243520520146518021
3324833514159013893
3382769877393276933
30000028097399
3382769920498073605
3241827594247274501
3382767799895851013
3244310185481797637
3382768961151893509
30000036332861
3349749993812197381
3242293868265865221
3243521679389556741
3242793790715330565
948950081199931392
3242796813747486725
3242796166138626053
3382769583222095877
30000034578607
30028539479174
3382768768348389381
30028545070234
3382768935340343301
30028543579421
3382769568172474373
30028546386628
3382768754163253253
3382769815242342405
3242791359877349381
3243520754646450181
3382769676498698245
30028539389419
3242797209668681733
30028541286297
3382768787034079237
30000036241659
30028547262385
3382769783994646533
3382769698972303365
30000036276435
3382767909497602053
3382769372428959749
3331617613318193157
3382769581158039557
3382767690802200581
3243521598745411589
3382436364706054149
3244443186996772869
3382769203439927301
30028546116679
3243522001860296709
30000036235211
3382769183785615365
30000034636423
3382769102689009669
3382768349698195461
3242794482096209925
30028544026432
30000035480037
3242796112887611397
30028550302010
3242797042840371205
3382767799539662853
3382769395707281413
3244256623141847045
30028549771649
3242796683070013445
3382768730201063429
3382768930068037637
3382769131222663173
3382769916953952261
3382769569531756549
3382769329491738629
30028546667817
30000034186491
3242435022210859013
3242253443366977541
30028547241387
3382769502875549701
30000035623962
3242183861935538181
3382769866744266757
3382768821259403269
3203675875086368773
3382769336135450629
30000037741751
30000025082864
3242437840632152069
3382769685139488773
3379525587317882885
3242796270597898245
3382769833336438789
30028545000606
3028545117486
30000010920762
3382769681917804549
3243521405182869509
3382769878488121349
3382769185857339397
3243158577542987781
30028544811527
3242172429965524997
30028551057725
3382769733927436293
3242286738595119109
3382769759747702789
3382769807310585861
3269636496765091845
30000034204539
3243514987691769861
3382769902001651717
30000037059516
3382768807112015877
3268602657406255109
3382768175672197125
3382768767249547269
30000027542114
3243522616518508549
3242434593142013957
3191361832303722501
30028538356471
30000036012332
3382769293277790213
3382769756463562757
30000009464298
30028545944059
3382769419039932421
3242960862904909829
3382768077240467461
3242797343014191109
3242797203658375173
3382769600309166085
30028540046309
3382769503726927877
30028539355416
30028550042264
30000036037503
3382769461691613189
3382769398270066693
3382769704898527237
3344035079206404101
3382769444746625029
3292871490455863301
3382769864923873285
30028543743113
3242147509562769413
3244253593072304133
30028541707434
3382769072821239813
30028546556733
30028538504103
30028547829713
30028548671727
30028542628472
30028539192422
3382660746313596933
3242817592208064517
3242792569871204357
3382769218288222213
3382769870749958149
30028541497713
30000036081325
30028548285588
3382768502144106501
30028548728215
30028538866435
3267789845720399877
936227666778914816
3242430981166858245
3242433025625817093
3378329507112157189
30028539876458
3242800873141764101
3382769028940562437
30000035222008
3382769159999520773
30028548524828
3382768446607130629
3382769383384219653
3242432981908455429
3382769657091981317
3216849633776762885
30000035308327
3244608626527961093
30028540218500
30028549719360
30028548723344
30028540649712
3382769003028086789
30028549027098
3382769422265483269
3382411151566503941
30000036417917
3382768028741599237
3378117514220732421
30000025835083
3382769521553244165
3382769733268799493
3212135699630850053
30028550883057
3382769877133164549
3382769293176995845
3243160306623971333
3382769113401196549
3382769299393478661
3242800171019403269
3382769340438806533
3244609093739937797
30028539660079
3382769281320222725
3243057870169702405
3382768629357346821
3382769007373254661
3242797538242134021
3242442784802406405
30000037332808
3382769763878699013
3382768762119913477
3382769529412976645
3382768927706710021
3287132756300922885
30028546354355
30028548801644
30028545236901
3382769761613840389
947600529771462656
3382767885434355717
30028549734398
30028540427784
3326265963485069317
3028548853931
3182693401398214661
3377238772191657989
30028550878997
3242280383398215685
3242432148412235781
30028545819148
3382769502104256517
3382768487946256389
3242434128295559173
30028545700869
30028550916907
30028544765710
3382769749546958853
30028548800016
3382769677895794693
3313151988831813637
3302065298809421829
3242434141906141189
3382769841259675653
3382769886276943877
3242451648289374213
3382768583232585733
30028548720551
3243884102127452165
30028539245963
3243521400832851973
3243621430390620165
3028544317938
30000032779396
3382769223929102341
3382769915398324229
30028550084922
3382769745164042245
30000027952590
30000037298663
3382769727917064197
3382768616656732165
30028548801091
3244609341346676741
30000028097004
3382769861224497157
30000037576360
3382769500854026245
3243884684993363973
3243883995021508613
3227475625067151365
3382769706437640197
30028538387380
3257812687101689861
30000033188492
3382769857541570565
3243884681314828293
3243160039967031301
3242796837562810373
3382769630919524357
3382769869751582725
30028543199568
30028547348548
3382769629992255493
3242797048309874693
30028540791075
3382767318306127877
3229860468715618309
3242797055415091205
3242430108000583685
30000032893073
3242315053905281029
3382769195672600581
3243159720403402757
3382769015598350341
30000036082999
30000034165498
3242430812274819077
30000034162610
3382768809268019205
30028549938780
3253341903981445125
3244609235469926405
3242795825783439365
3382769788143206405
3243521122101035013
3382769650527567877
30028538509581
30028550465216
3382758384371695621
30000038020882
3382769326442610693
3382760911800238085
3236652424763146245
30028540208715
30028543232323
3382769660384509957
3242430995100270597
3382767988148928517
30028549787139
3382548019826262021
3242434518042804229
3382768906781130757
3382769675605704709
3200855179855134725
30028548444385
30028544481074
3242801315770990597
3028544237679
3301209986594308101
3242546006199959557
3382769237728690181
3382768263601520645
3242417147903410181
3382769193805873157
3382769869365379077
30028540243552
30028539493750
30028547599486
3242796000224411653
3382769021331963909
30028539497587
30028548721230
3381252416483426309
3382769095071825925
3243159698782027781
30028538488115
3382769601987149829
3382769388895731717
3382769588368506885
30028546288043
3382769666151612421
3242434655662309381
3233532369632165893
3206965034588962821
30000010901780
3382769783785259013
30000027910337
30000035915763
3289678956514508805
3382769396357267461
30028544599203
3320149027692544005
3377243846720552965
30028547760208
3243159920311926789
3382769735965802501
3382691544857378821
30028548773484
3242796927811780613
3359146560336166917
30000033608844
30028548723799
30028550156649
30028538883597
30028543863597
30028548723214
3382512931717316613
3382769903981035525
3243884294939607045
3382769029917310981
3243883668461715461
3242430808500011013
30028539438019
30000036301209
30028548345950
30028546307655
30028543903175
30028541623109
3382769775178088453
3382769526406053893
3382769920687341573
3242148395320213509
30028543981843
3382768673104003077
30028543514167
3379417474644443141
30000035819533
3242433462630219781
30028542623794
30028547133619
3382731495544324101
943856946513969152
3242796275974995973
3242798811100151813
30028538885715
3382768326122012677
3382768834375122949
30000035535551
3309946150621085701
30028540021313
3242405734023430149
30000035227373
3243521943928569861
3382768660160118789
3243883182694203397
30028548724564
3382769670480330758
30028546948402
3299713338361905157
3243142201504497669
3244608602352320517
3382769017280397317
3242797405651795973
3382769926055723013
3382769774805254149
30028541623212
30000033168027
30028538464718
3200483627372052485
3242434206875910149
30000036401006
3243137692006678533
3243520220161769477
3382769120547962885
30000034233374
3382769614528380933
3242280845304463365
3382400052212924421
3227248425563127813
30000012728570
3382769753833734149
3242449661338386437
30028545220956
30028539181681
3028549126561
3242438299342143493
3265000778384998405
30028548720432
3382768565381955589
3382768491717066757
30028541419701
3382768963680993285
30000027547167
30028550809006
3242413245896196101
3242537292663422981
3243884613446336517
30028546485536
3375852801025900549
3382769087979454469
3242795621076107269
3382768901118689285
3382769245366321157
3382769000464908293
3316876063862030341
30000035123880
30028549647332
3382769819902148613
30028544381513
3242797041921884165
3382769870342782981
30028550299005
3242273681802133509
3382768832328040453
3382542847053594629
3242658521986629637
30028539420061
3242415793902321669
3237372514819244037
30028539142592
3232077421916520453
3257741391093628933
3382767587865591813
30000033234176
3332082897699274757
3382769791288410117
3382769777791467525
3382768965916426245
3382769873816059909
3382769018571980805
30028547523179
3382768942151761925
3243866405549244421
30028548830432
3382768821083308037
3242794841610780677
30028539134467
30028548728276
30000037959236
3242796498201804805
3242415374690222085
3244604458488627205
3382769302400794629
3382768643345088517
3382768261600772101
30028543341611
3382769429521235973
30028544047294
30028539555706
3243632104353628165
3242433687612686341
3382767655884881925
3382769661432954885
3382767908482056197
3244603426962472965
3382769809743413253
3242817534624399365
30028540216726
30028543106784
30028546148316
30028546735076
3242158895923920901
3382767290678181893
30028548770744
3382769752785223685
30000033406717
3244609228108267525
3382769274122534917
3382769549520273413
3242433994489069573
3382768817816076293
3243521348350181381
3028549563130
3188835298006532101
30028545082704
30000031315618
3244609391846031365
30028539367093
30028550056693
3243147511086317573
3382769071306899461
3382769768706539525
3184093645822230533
3382769411943038981
3382769085127524357
3242434551329128453
3382769656487608325
3244431156163313669
30000036401002
3382769876970045445
3340377729974534149
3382769757621256197
3382768581349474309
30000038283616
3242434276040114181
3242797051195424773
3243735180402491397
30028543518369
30028550452103
3242436548862017541
3382769360693297157
3382769370453180421
3382769418834149381
3382769076948172805
3242434722620178437
3382769777594531845
3382767601606000645
947181236168687616
3382769636069933061
30028539345317
30028550550493
30028540474474
3243522311429226501
3382767480092753925
3382769472748257285
30028539244167
3382769827296706565
3382769925405671429
3242433369244172293
30000032601380
3382768998946832389
30028542187454
3242796697049432069
3242796998074433541
3382769866186358789
30028550933858
3382769524740587525
3382769851111768069
3243521279944949765
3208016346676854789
3382769831759642629
30028548183084
3382769153536294917
3182661472535511045
3382769591379427333
3382769365763817477
30028540271194
3382769395812073477
3382769759730728965
30028550435699
3382767561076768773
3242433606436192261
3382471103555239941
30000034162184
30000037033273
30000034163131
3382769738168008709
30028541188130
30000034853897
3200781382737133573
3382767716794236933
3242434724352491525
30028550535900
3375285479198425093
3382769039618736133
3242464321899069445
3293207324027715589
3243521586850562053
30000034310911
30028540440742
30028540667757
30000034228473
3382768107863080965
30028543381773
3382769812717371397
3382769279810338821
3382767687740030981
3267645310956666885
3243158934344040453
3243877331770146821
3382769765912805381
30028545404043
3377004085271658501
3242289904820748293
30000035732906
30028543157962
3245485590739419141
3028547439375
30028544612048
3242194873040240645
30028550885298
3242431837358325765
3242433680037773317
3382768185675415557
3382768996270866437
3382768713533030405
3382768995725475845
30000037753128
30028547626287
3242409549590429701
30000037865387
3028546032698
3242434824017543173
30000038082882
3382769084783394821
3382769739292016645
3242435331025010693
3242431085592313861
3242433673092136965
3382768429171802117
30000035839175
3243884193235992581
3242796172983730181
30000029169629
30028539101246
3217556925983948805
30000033066100
30000034179188
3243520425778872325
30000036489316
30000034161392
3382769079355572229
944278957212041216
3242436099069116421
3382769726189142021
30000035913398
3187767670211215365
30028547367383
3382768965627543557
30028550792714
3382432274609668101
3382769130006315013
30028545287599
30028548770846
30000032940247
3382769896326365189
3382769892736499717
30028544845929
3382768510180655109
30000036759923
3243027962005815301
3266125296604020741
3382769548702777349
3382768001159659525
3382769801816244229
3382769873295572997
30000036148937
30028550708370
3242797275334770693
3242797572174118917
30000034172152
3244608404590362629
3243522033561108485
3382768787398656005
3382659851362172933
3382769012083392517
3382734416025485317
3242132529358831621
3382769825816248325
3028539878140
3242795691343282181
3242433510092832773
3382769444801675269
3382769689883115525
30000034620649
3228791647430836229
3382768159314608133
3242136687449210885
3382768343314464773
30000032466307
30028539181597
30028542314067
3382769672464236549
3382769687404347397
3264996123768651781
3243157845192671237
30000037125395
3242796956500623365
30028543198486
3382769492482129925
3382769247232917509
30028540657120
3243882705717493765
3382769819893956613
3382767782544277509
3381644566547202053
3382768502207152133
3382768071573569541
3382767868154019845
30028541622759
3382769825983627269
30028545284210
30000011022448
30000025519119
3382769288265924613
3382769031658274821
30000038366575
3382768958169874437
3382768126137466885
30028549579636
3382768959440748549
30000036147287
3243881975904731141
3298008809291120645
3382769869008928773
3382769767217364997
3242137113271795717
3242514573935050757
3382768982224338949
30028539367610
30000033257876
30000036566402
3382769470650580997
30000034574155
30000038402115
30028548827784
3382767750285557765
3244607456237125637
30028548722126
3382757551764340741
30028543572978
3242431989209169925
3377240901102665733
3382656550541787141
30000038282433
30000038198186
3382768954030030853
3382768428576276485
3242434441203351557
3243883508742291461
3382767739410186245
3243170311678853125
3243870869047934981
3382769528536629253
3269440656125853701
30028546284892
3382769269412069381
30028544332613
3382769651580796933
30028549971684
3382769657993953285
3382769042462998533
3187827659776524293
3382769597398515717
3382769676926582789
30000011467949
30000036445855
3382769711063891973
3382769234528501765
30028549952921
3382769325699694597
3028544211329
3382769301888958469
3382769905130143749
3382769581174947845
3243522096395321349
30028549311806
3382769294435745797
3382769632106184709
3243159333436719109
3243518336751173637
3211290682578239493
3382769723043086341
30000034160184
3243153476472864773
3242437528366415877
3230150912247267333
3242430994710069253
3382769269185904645
30028546628859
3382768715738775557
3382768138858659845
30028541559769
3243158869827256325
30000036116998
30000037313321
3243159851110629381
3382768734118215685
3207331321127567365
30028546638370
30028550139539
30028549490482
3382768381889216517
3257734831877455877
30028541013983
3382768445063561221
3242232231487930373
30028544827151
3242793699913236485
3382769248491208709
3242118839943102469
3244282175764955141
30000037660627
3382769101216350213
3382769109668069381
30028538388022
3382768003773038597
3242798921716662277
3382768880231055365
3382768085070708741
30028547828297
30000037980326
3229399097624297477
3242796352852393989
3382769503676661765
3242745773815234565
3382769640998305797
3382768930005254149
3382769789518610437
3382769398345105413
3382769787396227077
30000036010249
3382352359269203973
3197256162046377989
3242797562380353541
3242799823173517317
30028547599321
3382768463716089861
3382769577177513989
3382411255543431173
3382769273870614533
30028540280095
3382768846957903877
3382769817180045317
3243525087689703429
3382768690472288261
3382769803309678597
30000032488588
3382767814240501765
3382769153897136133
3378033550911143941
3230873692458647557
3244346427636973573
30028539208658
3382769600716472325
3242798815596576773
3242794700074319877
3382769156539285509
3382769349234458629
30028549780584
3242453713262739461
3382769464489476101
3382769407723765765
3282506155059773445
3382768683417796613
3382769483275829253
3206386775924932613
3242434542332149765
3382769180577103877
30028539377421
3255522090471063557
3382769210629029893
3242797466360348677
3377352462425128965
3382769596408856581
3377236754198757381
30028539336576
30000038516443
30000029791074
3382769910440132613
3382768755295387653
3243882860232048645
3243140589389873157
3242402685557342213
3382512472222793733
3242433306249986053
3382769578280681477
3382768517193334789
3382769871433564165
3382769898377314309
3382769807230894085
3382768194664202245
3243158656551813125
3382769862495436805
3242437892939513861
30000036440037
30028545543830
3382769153469054981
30028548105083
30028548721008
3360439996951429125
3242797193046917125
30000035749859
3382769319890780165
3242796810388045829
3382419127178035205
3243883532863733765
30028548440687
3382769073865359365
3216379684608606213
3242640531446693893
30000034186836
30000038062645
30000036438263
3257907133156229125
3382768743664910341
3382769333165621253
30000035870264
3346112211231113221
3382769849216008197
3382769394251530245
30000037831791
3382769569510916101
3028548015780
3242432936891121669
30000036133714
3243158877062823941
30028545424878
3382768871289323525
3243521733328502789
947666208281329665
3028545825039
30028547523156
3244380608387022853
3242431026897289221
3242435879484719109
3382768423106379781
3382768298355785733
30028547622411
3382769777405591557
3382768747527798789
3243159580405530629
30028539137962
3382769879318528005
3242434885560500229
30028538513214
3242167832660344837
3382769738486513669
3382421385324003333
30028549376041
3243142766284505093
3242797428309557253
30000034281119
3382769667212705797
3382769334600531973
30028550216378
30000025325141
3382769083357265925
3028546580303
3382769802583605253
3190648887219388421
3382769710204256261
30028539010381
3382769613542260741
3242433829841469445
3242796741236490245
30028547818557
3242797293735182341
3242775078398132229
3242798317522976773
3243884628541702149
30000034956393
30028546753468
3382769563617853445
3243521907907887109
30028549032652
30028539469831
3382769483749851141
3242434771445874693
3382767774034100229
3242435451074445317
3382769276089991173
30000037285830
30000034168249
3382768524411469829
30028543407941
3382768938389667845
3242145121926119429
3382767961544589317
3382518750848876549
945010070138126336
3243158128328966149
3382767712147210245
3382769273962889221
3382767463563395077
3242789660336848901
3382768433307451397
3242436875829116933
3242796677734858757
3242435190142533637
3382769228643893253
3382768599355228166
30000032493099
3382769762792374277
3382769775690252293
3382769622069149701
30028550691541
3382769113522896901
3382769029372444677
3382769244116221957
30000037783601
3242791966759583749
30028539388922
30028543879656
3382769243269562373
3243159898073858053
3382768071854784517
30000037329086
30028539205856
3382769427583533061
30000026898016
30000035397821
3382769838239711237
3382768109830078469
3028547426240
3382767405098467333
30028539311303
3382769816022417413
30028544979450
30000028812549
3382769550556266501
3382769017477464069
3242793891433152517
30000013556764
3382768921763119109
3282020761272713221
3382768105333850117
3382769165326680069
3028549029439
3382769604033708037
3382769837631406085
30000037223656
3382767575920082949
3382769917494951941
3382769039686041605
3242435209759293445
3382769704202141701
3242795382668001285
3244571948589449221
30000037624130
3382769623029776389
3382768971591843845
30000035849019
30028547960837
30028548723223
3382769394067177477
3382769811198705669
3382767953323884549
30028545093444
3243159929686851589
3382769687680909317
3382769115124596741
3382769504268189701
3382769684841365509
3382767690944937989
30028538744842
3243160276358660101
3242794550689792005
3243533687610474501
30028539111720
3382768790867476485
3244442908952297477
3382769435053785093
30000035840728
3200595427719774213
3382769777027973125
3243113271678664709
30028546804504
30028544214029
30000027205486
3382769574791348229
3243522027810062341
3242801064159019013
3382769347653206021
30028539147563
3382769445724094469
30000034905768
30028544872951
30028548029198
3382769156245684229
3242387321616400389
30000037313886
30000035176885
3382767843197714437
3382769840467083269
3242147313894293509
3282686146007269381
3267641860822859781
30028539225533
3382769654915268613
30028548042010
3382769529513705477
30028545765382
3382769064613183493
3382769279403360261
3382769663622316037
3382410340388110341
3242434336618446853
3382769457786912773
30028548773369
30028547378989
3382769345027506181
3251591449949700101
3310354540891602949
3242431126407086085
3382767505921605637
3376577919204982789
3382769634534883333
3382766829447544837
3382769563919384581
30000037118766
3301926912006160389
30028539112277
3210346322701254661
3382768764762259461
942026946491973632
3382769817453002757
3382769772913426437
30000025859204
3216717344875282437
30000036836581
3242431255277076485
3243159467948507141
30028548725232
3028544899058
3242435694675361797
3242434707143000069
3242797326459338757
30028549592272
3243158498875277317
3242431761693081605
3382769184645382149
30000034882174
30028543507352
30028539092668
3382769255302430725
3244752935210319877
3243220181895544837
3382769445312856069
3382769731092152325
3382769524778139653
3242794986192699397
3242428663251599365
3243159859846905861
3382769074394103813
30000037249739
3382769853116710917
3242261961297756165
3243160002160033797
3382769767309639685
3382768585392914437
30028546678360
30028539998803
3242436224244056069
30000031969583
3243883489993687045
3382768405880569861
3382769358197555205
3242166949331468293
3242422414036566021
3382769893743132677
3382769724452175877
3242798409550200837
3382769036502695941
30000028899018
3382769742965899269
30028539475415
3382768820244316165
3243159928675500037
3382409829127356421
30028543062806
3382769543732658181
30000032570910
3229415772247687173
3382769275049279493
3382769718836396037
3242433875597066245
30028550876113
3382769689056509957
3242190944240140293
30000034884677
3242180011174395909
3382769583590670341
3382769399590682629
30028544237198
3243158829554466821
30000038343334
3382767342566113285
3382768831862800389
3382769759449579525
3242964594430509061
3382769462853828613
3242434930418450437
3287888865823424517
3244001886455201797
3382769752084381701
3382769894631800837
3242170169395183621
3382769372893937669
3382768423819608069
30028539206694
3382769883483799557
30000034797529
3243159868936355845
3242796377606848517
3382769707620827141
30028541495665
3382757920938393605
30028546582675
3382769336500092933
30028538867712
943166548544061440
3242793441950957573
3382769657637044229
30028548765701
3242797054584619013
30000034174840
30028547676727
3382769855645876229
30028538707745
3261779843972005893
3244605161290137605
3382768257624375301
30028539081472
3028548076520
3382768679387070469
3243522201094193157
3382769429001535493
3243159555722248197
3382768909280935941
30028548723247
3382768553373138949
3265635156597014533
3382769838868529157
3242430332777791493
3199781743917400069
3382769646677721093
30028542040360
30000036683464
3382767936018186245
30028540746419
30028541325374
3382769500090531845
3382768723431718917
3244608209320738821
3242203903926337541
3382768968714354693
944653273896321025
3242794989271580677
3238947493599838213
3382768290117648389
3382768720562749445
3382769747395543045
3382769798926434309
3382769656022499333
3382769706509336581
3310335482712227845
30000032689053
3382769604709056517
30000033587752
3382769447896678405
3382769798041370629
3382769082094780421
3382769716105904133
3382769197899186181
3382769533569662981
3243158779385741317
3382769146770882565
3382769352669265925
30028540209570
3242433417285599237
30028546801982
3382769686070296581
3382767774818107397
3183164000234897413
3382769917314596869
3382769479949811717
3217164721842946053
3242270625694023685
3242793829110382597
3382647012052762629
3382765204342964229
3382769401604014085
3382769530621132805
3382769858951380997
3028545688260
3382769692436987909
30028540174290
3382769310034296837
3382769283073376261
3379418563980623877
3243882551740268549
30028539494534
30000033208452
3382769347300491269
3382768961122336773
3382768960573276165
3281596333678067717
30028548827340
3382769521586733061
30000012909917
30000034171062
3376640267294998533
30000038136249
3242798936237277189
3242264935852081157
947943503051096064
30000036409937
3382769556512374789
3242149102282670085
30000036454378
30000035963117
3382412095494750213
3382769011705905157
3382769365822537733
3382769808862543877
3382769876227260421
3382769284218093573
30028541757565
3382768682264625157
3242431007406292997
3267538724725129221
3382769764382277637
3243159928562778117
30028545084753
30000034346316
30028548799899
30028539225523
30028541625079
3382769697893974021
3295841018320388101
3382769438069358597
3382768259159425029
3242433324457394181
3382769547557601285
30000032544660
3382769027144876037
30028541184863
3382769413390008325
3382768667076853765
3242440537481674757
30028538470563
30028548748774
3382769659969208325
3382769101103628293
3242798763511578629
3242432833426096133
3242430857912975365
3242771393408532485
3382408548404822021
30028547772709
3362511603631325189
3244608259056992261
30028539269875
3382769137233100805
3244249611113136133
3382769457719607301
3269006750318592005
3382769414761742341
3382769277390225413
3382769213355458565
30028539473143
30000034355607
3243519023124316165
3382769225066151941
3382769584731521029
3382769373414359045
3244755230287069189
3242429798339444741
3382768741135679493
3382769835316150277
3220815567193374725
3382769774100545541
30000033260319
30028547500231
3382769160205369349
3382764470751002629
3242178073678577669
3382769050280787973
3382769629253992453
3209495019393318917
3382769543166361605
3275425871130001413
30028548771351
3382768834522054661
30028539956364
30028542455794
30000037890847
3382769423150153733
30000033465282
3382769635726065669
30000032966716
30028548800569
3243158393874874373
30000032674555
30028546501982
3382769844581367813
3382769798083248133
3242797579929321477
30028538345714
30028540851507
30028540814236
3263851028163526661
3355619004323921925
3382769442645475333
30000035954859
3382768133687279621
3243160225628160005
3382768988016738309
3242432762617790469
3382768250049789957
3382767230833590277
3242429201955618821
30028547817810
3382768506644594693
3242440185273122821
3382769764495130629
3242431375343288325
3382768149973499909
3276147088984768517
3198260141278494725
30000028630152
30028546795547
3382769183005671429
30028548728964
3382769744375447557
3382769824239058949
3382769745373757445
30028549024358
3382768172715278341
3382769732618944517
3382768030469521413
3382404689380966405
30028550959861
3382769773093650437
30028548300834
3242794784832749573
3242212410209599493
3243883195389837317
3243488483066314757
30000032734078
3382768539033010181
3028545015266
3244582284483100677
928991483808186368
30028548800434
30000036360369
3273623318088187909
3243521444214865925
3242796481797947397
3382769007217803269
30000036989129
30028539467746
30000035967712
3382769408944439301
3297289749481848837
3382769441014153221
30028538464920
3382411994604634117
30028547845687
30000035725872
3382768317976215557
30028551058258
3382769020467675141
3382769438484856837
3212858585337364485
3382768485518147589
3242797539177791493
3382768895058378757
3243159526127042565
3382769564087418885
3217065314757836805
3382769771491295237
3242443302958006277
3382769444876976133
3242803831866589189
3382769793712848901
3242438610878398469
3348615221039529989
3243886873312690181
30028539507957
30000036408961
3382769765027872773
30028548092725
3382769189670551557
30028548802036
3382769548182880261
3347293446012010501
945295843106226176
30028539092281
30000032581802
3382769649785307141
30000029718516
30000028890132
30028540241393
3382767996642459653
30000033187708
30028544148825
3264968320075497477
30028543728586
30028548828684
3244609344362315781
3382769745554243589
30000037635465
3253808482745843717
30028542017990
3243883177530490885
3380150874795802629
30028547366029
30028539965267
3242429428297039877
3242431339318542341
30028548771373
3382769909622374405
30028540774641
30000037814878
3382769493635760133
30028539298967
3242433446050004997
3371797928910848005
3382769163628118021
30028540224373
3242432310450651141
3382769032325365765
3242207532687228933
30000036523930
30000034178335
3382768047955378181
3242600783919185925
3242434075145535493
3382769915758903301
3382761956052172805
30028541945302
30000026870541
30028539474516
3227847373172375557
3244609445864210437
3382769597847633925
3243159852632637445
30028550948251
3382768527003942917
3382768482707767301
30028548045055
30028542978857
3243522080046186501
3382769816076681221
3242431375007809541
3365318714585710597
3242434285296680965
3233601849301139461
3248767295269437445
3382768842960797701
3382769792161021957
3382769886901960709
30000028972484
3243884437910781957
3243520070793953285
3382768769808138245
30000035813864
30028539021433
3377244117861269509
30028543426501
3382768790783393797
3243159043513647109
3242795633319608325
3252665466961920005
3242452197709512709
30000013585257
3382769801438560261
30028542901813
30028540626701
30000038443527
3264997421662404613
3242227096867045381
3242434295274930181
3242806044177793029
3242480870814842885
3382768550550831109
30000028129063
3242431943914815493
3382769646710882309
30028549275813
3203047215656206341
3382765856117293061
3382769070182891525
3244608617174597637
30000032788523
3242797550015545349
30000038283988
3382750254682079237
3283774538866425861
30028545886469
3382769938324324357
3242439346110464005
30028543719697
3382769315645882373
30028541447124
3242435170567716869
3382769544827240453
30000036092842
3382769725396090885
30028546359968
3382769056086097925
3243159828158939141
3242435525577539589
3242791146991058949
3382768380492709893
3377992038957449221
3382769287817199621
30000036016847
30028550685881
30000032618325
3382769874373378053
3242443505375444997
30000028605717
3243521642458316805
3242456429401538565
3382768150456041477
3242793434241433605
30000027549270
30028544951609
30028541966295
30028539020520
3382769059055271941
3382769243361705989
3242560449067810821
3382769817838288901
30028539224911
3230886065730748421
3382768248443043845
30028547151641
3244598293025259525
30000037312168
3242434127704424453
3324460297238020101
3242438765790756869
3242432720267771909
30028547992857
30028547232119
30028546087934
30028543545901
30028548773283
3382768699590967301
30028544176985
30000033912623
30028548772711
3382769582546485253
3382768712832450565
3244608852135313413
3382769533095378949
3382769738649894917
942553146595475457
30028539021608
30028550089463
30028539351160
30028547469257
3382769839716302853
30000035346702
3243521667029073925
30028545870255
3242793657500434437
30028548771090
30028542786324
30000035326062
3382769073056317445
3382769034334502917
3382769854869864453
3361430582185951237
3382768806122356741
30000037418375
30028548771302
3382768949214969861
3382767978367680517
30028545283633
3382768579742924805
30000033697936
3382769447485571077
3191481344583663621
3242553765603704837
30000035233190
3242796811432099845
3242792915284459525
30000036690315
3382769864101986309
3382769257928130565
3382769175791009797
30000033060295
3382769715141148677
3382768748580569093
3382769769713041413
3028543253229
3242436258859646981
3028548231382
3256755164521496581
30028548770774
3244607405653819397
30028543322171
3244609439576752133
3242433788309667845
3382769457703354373
3382769620102479877
30000037844500
3242433879867129861
3382768921276776453
3382768964322852869
3382769590809329669
30028539507956
30000025698033
3382769722363871237
3242435509123612677
3308953131910561797
3242434393174245381
3382768012496994309
3242392626542608389
30028539533593
3375944457775218693
3249721475618308101
3382768546490613765
3242436486186663941
3382768507722530821
30028549277199
3242420169790521349
3382769446659227653
3382768890528399365
30028547949726
3382769853804445701
3209109146268860421
3382769464124440581
30028539346119
30028546035616
30028549420120
3245466354306514949
3382768686923907077
3382768986435026949
3382768927266111493
3382767689615409157
3382769720396283909
30028548771354
30028539516039
30000035527889
30028550493471
3242327464590508037
3382769784011816965
30000036973465
3382769859744038917
3261390865079205893
3199691948482297861
3244418219554439173
3382769959551565829
3382769829725011973
3382769707293671429
3242796484645617669
30028548803094
3221491489399963653
3382768189211344901
30028538617790
3382769265721147397
30028548773759
3382768644712497157
3184574081795293189
3382769786095796229
3382769537176502277
3382767803910127622
3382769230795636741
3283345297964335109
30000034303910
3382769795247767557
3242431557812289541
3382769738948214789
3382769771499814917
3242437244248129541
3242799572005945349
3243883822786936837
3382769965981106181
3242433407609274373
3382769492503166981
30028545551705
30028551115716
30028541896488
30028540431462
3244609300687028229
3242281336515919877
3382768311152410629
30028541802649
30028541896593
30000029833728
30028549196503
3242428647674085381
30028548726768
3281338869129019397
3382769404385230853
3382768841551642629
30028550243203
30028538707539
3242172814813888517
30000038445140
3382758915898802181
3382769782489153541
30000036275788
30028548772306
30000034974143
30028548750379
3242434172964896773
3242430947842850821
3382400447673401349
3028545212185
3382769853674618885
3242422417589272581
30000035001730
30028548155994
30000034202171
3378831518912020485
3244435636494073861
30028539161376
3382769609771778053
3382769770824335365
30028539151904
30028539398170
3382769466787954693
3243211249219076101
3243885076770521093
3382769270469361669
3382769377230848005
3382768276306067461
30000036820106
30028544641875
3382768845065945093
3382769296683433989
30000037313525
30028541069711
3242579990191800325
3382769623072178181
30028550155511
3274480583716765701
3382769864131280901
3382768748383567877
30028548728354
30000038201321
30000032510376
30028539510625
3242425055684853765
3244610039593566213
3269631009827192837
30028544721996
30000037674477
3309225763155148805
3242793106113036293
3194695431903903749
3382769495283728389
3242415253491482629
3244603467642961925
3382768414068178949
3242431220359430149
3382768538232160261
3242432981208203269
3382769762314354693
3382768591034318853
3382767693322846213
3382768714279419909
3243521530437042181
3242796702049173509
3242426365201088517
3242792791472865285
3382409380735221765
3243052027424800773
3243521917487611909
3185242366606311429
3242432278943039493
3382769826453651461
3382351204484972549
3382769628935618565
3382768896924778501
3242794750531731461
3382425366901424133
3382769776101097477
3382769721197854725
30028548828338
30028540725619
30028539516275
30028545376030
30028545376500
3267483561049587717
3382767704534614021
3382768915249364997
3242136514559868933
3362132953367117829
3243521738625712133
3242795248592814085
30028548772746
3382769297279025157
3382769580915097606
30028546106714
3382767775854166021
3242473291053072389
3382412194207236101
30028545868979
3243147322472464389
3382769465605160965
3382769865250766853
30028539955504
30000033812834
3243499352160600069
3242431171819012101
3242795007856541701
30028538655190
30028544930134
30028548107528
3267488499871973381
3382769758002806789
3382769346369486853
3382769770359291909
30000033419449
3242159898328825861
30028540296039
3382769848377278469
30028550583908
3244609458111512581
3382769847630888965
3379416498013339653
3242430931892043781
30000032655688
3242433433945505797
3242214273663696901
3242431040285442053
30028548723092
3242169067517902853
3382769630324129797
30000033213859
3382767710947508229
3244414422157426693
30000034199580
3382768759833886725
3382768102795968517
3243616732867198981
3382769488997056517
3242796535975772166
3382769618625691653
30000028628553
3242269534382260229
30028546579117
3283804043182211077
3242803974506479621
3382768525288144901
3382768942516797445
3382769519338651653
30028547355643
3382769464741330949
30028538558714
3382769758795464709
3242794575830384645
3382769365293858821
3382769816768872453
3242258311494107141
3244607922367234053
30028540136655
3382769207596875781
3382769891591323653
30000035515304
3382769444650352645
3242434037035958277
3382387492340236293
30028540208699
3382769747927629829
3242796215417503749
3242457371501133829
3382769836587089925
30028539329335
3382769300320485381
30028544486106
3028549167276
3243883276272861189
30028542913439
30028539102624
30028546523571
3382766964285898757
3382768432871178245
30000037614007
30028538837226
3382769631347539973
30028545898568
30000036504984
3382768557249200133
3257746860952322053
3242435529591488517
30028548772747
3382769376094322693
30028539967568
3382769870569078789
3382769279499698181
3242432740207689733
30028548727004
3242434338371534853
3382768328185151493
3242430054594838533
3242798950057443333
3382769939779420165
30028544461740
3382769659579334661
3243883867468595205
30028550877473
30028543139907
3382768883624706053
30000029266035
30028542546039
3382769131482382341
30000034372331
3242433708102057989
3244609473542356997
3243475584134152197
3257767670563995653
3382768228952047621
3382769310172315653
3382769775476342789
30000036515856
3382768399530262533
3382768656834232325
3382769622031728645
3355594171871657989
3382769769319038981
3382768538122977285
3322540831041847301
3382768417486340101
3382769803741560837
3382769450296016901
3267338086690324485
3242433519173828613
3382768095808651269
3328074507704336389
3382769514682843141
3242432065087995909
30028550999840
3382768526332592133
3382767542168715269
30000032810740
3243155305298460677
3242793515003019269
30028550415381
3382768599581917189
30028543724522
3382768946035490821
30000010796960
3382769653082226693
30000035841426
3368936013062930437
3382768046168801285
3382769794967273477
3382769681334730757
30028544265066
3382769394297864197
3382769745541529605
30028549951379
3382769764147593221
3382768512370016261
3382769837421625349
30028545071862
3264958761546022917
30028551169617
3382769496064196613
3382769289985523718
946364456726691840
3382769019461369861
30028543513497
30000037555659
30028548548388
30028547715600
30028541897076
3278706598949355525
3382769834662166533
3382767764127154181
3267489786261012485
3242073865616883717
3382769439306612741
30028548802481
3337045072842850309
945018640950886400
3382769709411860485
3243510968932040709
3382768703542132741
3243881995542265861
3382399923590922245
3243159800128733189
3382769306565476357
3298602272885964805
3243882828904464389
3382769438199250949
3242435947767857157
30028539018659
3382769837597786117
30000035723254
30028539064882
3242431022279163909
3237852895339282437
3242602009368985605
3382769613395787781
3242424268342624261
3242797455400435717
3242790659810131973
30028548771590
3382767803725381637
3243159252792508421
3242435071137284101
30028542719533
3382769028482990085
30000032934179
3382769832560623621
3382768359818788869
3382769220590632965
3382768103102414853
3382769361187635205
30028539479637
3242435778116648965
3242434878748753925
3242435113068068869
3220650557838196741
942423157816426496
30000025648102
3382769306728988677
3382768133720899589
30028548764099
3382768083557089285
3382769333048508421
30028539437145
30028538612362
30000033494919
30028540228443
30000029085617
30000038181965
3242795872780812293
3242430789562728453
3242434833677025285
30028542340459
3243521412317184005
3382768366504771589
3382769892509483013
30000033046850
30028544871550
3382769043079102469
3382769898167664645
30028539044211
3382769007838756869
3382769142513795077
3382768815328591877
3382769941356347397
3382769807801843717
30028539491089
30028548770956
3382769782530768902
3382768929665187845
3382768614903906309
30000036017884
3242435252021100549
3252660224295698437
30000034198809
3244600356090216453
3242436936730411013
3183549159614316549
3242434207978946565
3243155668521189381
3382767646119952389
30028548720900
30000035713032
3242796237294796805
30000032492453
3377239627187617797
3203088900595515397
3242422303881691141
3242591439781756933
3242798516404289541
3382769492511752197
30000033121263
3380142536339030021
30028542163849
3382769157722275845
30028548284772
3242797340615114757
3382769898218192901
3382769773911539717
3242796652069519365
30028547081640
30028539967569
3382769037198753797
30028548720985
30028550330089
3241919182709325829
3382769818857570309
3382769689090326533
30028539102827
951300493852803072
3242436537096994821
3382769424832135173
3242441006333493253
3244607982782119941
30028548772122
3242434116522278917
30028539508596
3349749682162827269
3382769564628615173
3382440633551618053
30028539477907
30028548364754
3382769806496956421
3382769816349835269
3382769313221574661
30000037313108
3338502142465015813
3382769374026989573
3382769092349722629
3382769550099677189
3382769592017289221
3242193598244519941
30028541249402
3244456751698870277
3382769291750998021
3242434707197788165
30000036052731
3382769423012069381
3382769149145186309
30000035283914
3382768831094849541
30028548377974
30028548721426
30028550692315
3382769601228177413
30028548774739
3382769111794712581
3242800344764317701
3028547318470
3243882920210268165
3382769661605117957
3243726846295539717
3222890348785041413
3382769322428203013
3242431796501872645
3382768992487342085
3382768473522372613
3243495832610930693
3382769450908319749
3382769222415155205
3382769403357167621
30000036461453
3242434292775190533
30000035825637
3382769160389525509
3028547817266
30028540359241
3382769561193086981
30000034244555
3355495118974615557
3382769539001090053
3242597054511972357
30000033536366
3382769447598686213
3243158441148940293
3382769583737798661
3382769791863029765
3212826561021149189
3187762460717547525
3382769781629386757
30000037959545
3299002169854656517
3243860178899828741
3235572397128744965
30000035749736
3242640902067978245
3242746065789190149
3382767826995314693
30028543898512
3200509576524529669
30028549023173
3382769588368441349
30000029923778
3243521384760475653
3382768454060408837
3242795795748028421
3382768678879494149
3254586708061388805
940932286654709761
30028538440076
3320009043287605253
30028540195986
3242140583475216389
3242793191878164485
3244607145191800837
3243882991324692485
3382769316313038853
30028545188109
3243883994534903813
30028545396902
3382769669133893637
30000034195196
30028550650374
3382769841695948805
3382347794234540037
30028548773627
3382768506321371141
3242434843059421189
3380641961599434757
3242794109046226949
3242152753873092613
3382769118040031237
30028547843247
3242850854011994117
3382769755020591109
3242432576294092805
30028550995872
3382769865687105541
30000034187991
30028548528620
30000032723141
3382769314824192005
3382769868576849925
3286737666126446597
3382762436807229445
3243157716864073733
30028539356375
3382764753811996677
3245821832744140805
3382768826657603589
30000034948159
3382769915846918149
30000035229268
3242297979765981189
3382767462963085317
3382768885449031685
3382768501359509509
3242796991627919365
3382769826084487173
30028547382965
3242850308144037893
30000035725800
3382769813346516997
3382769738843291653
30028541005288
3382769862814400517
3382769232620093445
3242797509926518789
30028540245243
30028539471522
3382768747871600645
3245020985436864517
3382769880166039557
3244609661195780101
3242442890519576581
30028545118982
3324820518187696133
3242252717391478789
3382768232160886789
3382769799501119493
3244425817967755269
3242144821525676037
30000035000025
3382769049525747717
30028542888408
3028544930924
30028538349104
30000035091433
3382769903377252357
3382769307945140229
3243159553248067589
3316819126998663173
30000034162608
3382768650513350661
30028547171590
3382769160364621829
30028547114287
3221831904682442757
30028548874647
30028541477175
3382769784795955205
3382767807550521349
3382769763426041861
3242255925451096069
3382769861606047749
30000035025584
3243883231011995653
3216711166736465925
30028539223458
3221953987580067845
3382769715061325829
3242149244809248773
30028539223637
3382769488061595653
3382769784812929029
3244609575065616389
3242766630650707973
3243523467589451781
3382769638595297285
3382769838549958661
3382769759759826949
30028550055370
3208757759614058501
3242430746344620037
3382769209777782789
30028543193160
3382768695216046085
3382769654810214405
945313138553651201
3242797136851697669
3382769533695688709
3242792681649471493
3242797591291887621
30028539124077
3382769114848231429
3242138106973650949
3377244998283427845
30028541006135
3382767691762565125
3028545106036
3382767998198743045
30028545604931
30028547492586
30000034578234
3382768811180425221
30028540688258
3382768628153647109
3244609443460743173
3292274236514631685
3382767619079733253
3242438994355290117
3242436420449206277
3382769416653373445
3382769391491678213
30028547914801
3382449188002463749
30000037312174
30028539955237
30028544000845
3382768322887680005
3382769639584825349
3382628969020850181
30028543764764
3382769901364248581
3382769670270681093
3382769611462082565
30000037721398
30028539021907
3382768042393665541
3382769748410040325
3242433679735914501
3382769741627981829
30028542736439
3382769278681939973
30028539043542
3382769406138449925
3242434029456982021
3317944311323885573
3382769658442547205
3382769346038267909
3379415014085427205
3382769562057637893
30028539397617
942927169443594241
3382769771898470405
3382767799015047173
3243605109347254277
30028540217548
3382769264811442181
3382769524178550789
3242796541877026821
3242437365623160837
3382768283415412741
3243156557780090885
3382769438136729605
3242433115887108101
3252713325178322949
3243296178639994885
3242153741057327109
30028548726331
3382769060850368517
30028540650247
3382767843877781509
30028539479788
3382769895601143813
3382769784829575173
3243024304877993989
30028550243222
3243159261647208453
3243523430674989061
3243743759893528581
30028539057580
3382769434324041733
30028546447748
3382769314925051909
3379417838047395845
3242434422530179077
30000035822001
3242175264635617285
3244363784165785605
3243310431602081797
3382769738478059525
3382766835759710213
3242433267750207493
3382769288366260229
30028539531076
3250810257646026757
3243511022212349957
3382769225653485573
3382769935224471557
3382768742767329285
3242796064380551173
3382769101472661509
3242794377121366021
3382769103565291525
3382758575757197317
30000036861745
3382769846036725765
30028546868607
3242294268394274821
3382769818182549509
3382769833709928453
3242787649063288837
3244606939885338629
30028548722906
30028541622434
30028539468655
30000033673207
3382769522970787845
30000036469639
30028540222762
3382769901430767621
3382768097682915333
30028547105531
3243522235554267141
30000028285403
3243522814615748613
3215012555791335429
3382768680469004293
3382769422680326149
3243522060601065477
942868142034518017
3382768971746902021
3244462350679408645
3243588364657819653
3382769360298508293
30028539137424
3382666868571701253
3242433627298660357
3243522368920813573
30000035030136
3382768614102466565
3338599245061029893
3382769527047192581
3028545323720
3382769822401822725
30028549277217
3244349740368986117
3382769617010884613
3382769586933989381
30028542702972
3209687142797672453
30000036692920
3243520934304743429
30028548841315
3243882851818209285
3382769208254988293
3382769785680625669
3382767971761913861
30028540283481
3338217657563676677
3382769435703967749
3382769919005294597
3382769651207110661
30028539121834
30028540831642
3243520147730464773
30000036930764
3382737960329609221
3230150707833470981
3242811691560271877
3382769763560128517
3243159709095559173
30028548771110
3382768663792713733
3206224897970077701
3382768165064605701
3382768864766984197
3244608707939401733
3243520655337914373
30000033633707
30028543267229
30028545410211
3382769499423571973
3382769401768050693
3382768843124375557
3382769891700113413
3244607536915152901
3382768440353816581
944890635914051584
3382769643217354757
30000036220099
3382768309780545541
30000036467929
30000035548593
30000033673536
3245176981950234629
3382769806576844805
3242434387247628293
30000008529742
30028542563689
3382769444968988677
3237012389357158405
30000037582468
3242431211857838085
3279421882618478597
3382769283467444229
30000035223737
30000037986007
3382769485783826437
3382768425900244997
30000037329549
3243158873741066245
3382769308444852229
3242152446162305029
3243159383059988485
3382769807474229253
3382768406157721605
30028538828628
3243521051157921797
3382769412887019525
3382769132841336837
30028539245331
3382769765707350021
30028540300001
3242292672314540037
30000034175803
30028539242797
3185214728583905285
3252961781973581829
30028539227039
3382768807980302341
3382769242791280645
3244247561503309829
30028547445414
3316070241082540037
3382769505010909189
3382769639957987333
3382769097467166725
3382769926512902149
3242436587101356037
30028540226436
3242416162602483717
3360186791008993285
3382768608163790853
3382767348374700037
3382769335917412357
30028546300029
30000027238362
3193911236139220997
3382769078072573957
3382769727405228037
3242437220747771909
30000038282925
3382769371212218373
3242435217124360197
3382768856734760965
3243519418634141701
3382768023657840645
3382768995784065029
30028541122586
30000033990195
3382769086003806213
3242433629911646213
3243160907030528005
30028550688215
3242893523438141445
3237475032849186821
3242290399731646469
30028548773607
3245095892354531333
3382769897568272389
30000036119634
3382769771068194821
3382768873029566469
3242431882711334917
3244609974904750085
3382769121190084613
3242434323410583557
3382769926651445253
30028544967033
30028540977973
3382768704821329925
30028549576571
3382768966822985733
3382768844432998405
3338220322183970821
3382769799400521733
3382680383541411845
3244609292050890757
3382769796304797701
3382769324949241861
3242478564941758469
3242431015136264197
3382769444210081797
30000035002572
3379419372717932549
30028539519687
30028539468877
30028539171800
3242435691420385285
30000034373626
3242796986229915653
3197313994305241093
30028548617593
3244402791205568517
30028541199672
3360726994027085829
3028545314788
3242627575287709701
30028548662947
3321512011593482245
3242793229605928965
30000037464081
3242797407640027141
3382769772200067077
30000037326178
3028543668105
30028548720573
3382769239670521861
30028549023399
3274416816093724677
3248292838876512261
3242795879273398277
3382769887371591685
30000036310179
3375104386151088133
30000034803109
30028546485381
30000035433698
3382767429199462405
3283411666084888581
30028551040573
3382769709680099333
3243160818849742853
30028548724116
3382769739031511045
3382769069985759237
30028539956159
30028550384191
30028549750691
3242434787229040645
3242790490381156357
30000028514247
30000027599737
30028541257915
30028550963714
3329153438927093765
30000037576630
30028548801113
3242434566034358277
30000033305199
3382769736947531781
3382768212007059461
30000036648115
3225871481961185285
3382768498130092037
3382764167439777797
30028540874534
30028544882747
3382769172792475653
3242436673311408133
30000035921760
3382769720270716933
3254267481635225605
3382769677073711109
3244607524751081477
3382768825986056197
30028539392769
30000033001162
3237854356131348485
30028550874630
3382769826248130565
3244258284769771525
30028542995586
3372571548516024325
30028539472373
3289271268999430149
30028548801105
3242796769803960325
30028547955636
3242655998429102085
3242434910612881413
3382769216857505797
30000035080190
3382767689971990533
3382769731179905029
3281588891531608069
3302013779594772485
3382769921727332357
30028544066286
3382768734789566469
30028539372993
3382769439646744581
30000037309970
3382768474176225285
3270483924200587269
3242318260882702341
30028550674310
3242433739676516357
3242410182942720005
3382768468182564869
3242435255527604229
3242432271896674309
3243515494221021189
3382769243344863237
30000036541404
3382716950305898501
3382769810368692229
30028550227224
30028545409886
3382769397133148165
3382768621719846917
30000012770655
3382768262586564613
3342499256505335813
3382769859097722885
3382769853104390149
3382769533426728965
3382769413726011397
30028545350738
3242153324952879109
3382769074239111173
3250158864887250949
30028539488249
3242787183327969285
30028538365664
3242431638858825733
30000036785385
3326570503975469061
3382768599355228165
30028539540400
3382769831377567749
30028548728291
3242431841326137349
3243521114869858309
30028539478606
3242796227820257285
30000030468752
3382769602838462469
3264320163771318277
3382769099215667205
3242433829145214981
3382768999902871557
30000032629792
3242111772259975173
3382769087954419717
30000027929523
3382769134687354885
3382769522400100357
3242431069964271621
3382769753812697093
3243874207999066117
3237372101755928581
30000037333403
3242239898877034501
3244572481673166853
3382769131281448965
3258471656086765573
30000033435740
3244609466382745605
30028548771382
30028538590895
30000034741793
3382769836314198021
3382415181411385349
30028547963246
3382769696568705029
30028547998951
3236070575393538053
3382769243718221829
30028547274064
3382769528691556357
3242434498916974597
30028548772218
3382769579136581637
3382767842782674949
3382769215720849413
3243882376502706181
30028549821475
3028546147578
3242796358283886597
3382769495200169989
3382769427562954757
3377239747752951813
3242797375079579653
3242430288733405189
30028539172292
3382769331601539077
30000037346347
3382768321751482373
3242797196137922565
3243519076148969477
30028550478439
3382769083999256581
30000032849284
3321196895908134917
3382769473813217285
3382769278136483845
30000035854920
30028539356496
3242434869722611717
30028546449425
30028539210813
30000028177884
3242365414732726277
30000035007878
30000034195148
3382769828147953669
3382769097987063813
3242316208391454725
3382769314106703877
3242793033421488133
3242432341194899461
3244426549773336581
3242796712681603077
3312500324479074309
3382769796833804293
3242434949242748933
30028541621946
3382768793425674245
3382768807548485637
3209864657344462853
30000035094810
30000036121234
3382769363138117637
3382768597480767493
3382769625638502405
3382769101619265541
3187862387418595333
30000032874637
30028540892353
3242425335507845125
3382768605894606853
3203334540667912197
3242434120842215429
30028541897490
3243159562302652421
3382769422747828229
3242425699967762437
3242796784257269765
3243971761214193669
3382769864495726597
3242267407618408453
3205167339029463045
3382769737660366853
30028539093441
3242779427451699205
3377245057997930501
3382769354645045253
30028540241399
3028543668087
30028539483572
30028539878425
3382767882540351493
3379416880957423621
3217099015814381573
3242794794739761157
3244602680670093317
30028550220101
30028548989758
3382769145604669445
3242434091033362437
30000028346988
3382768503322968069
30028540296144
3244609433315049477
3382767922839683077
30028546140820
3382769577609592837
3382769542482690053
3382769202156470277
30028548887343
3242797092232495109
3382769758170120197
3382769433707544581
3242918428107931653
30000027894524
3315372296813084677
3382768846903246853
3382767769965559813
30028548800250
3242432241727242245
3242796070969999365
30000037860105
3382769850151403525
30000032844650
3382769565517414405
3314304620409585669
3242435675754725381
3382769456004530181
30000033904040
3382769484466749445
3242433037529186309
3382769906787418117
3242430822877822981
30028548800484
3382769857118142469
30000032983374
30028540227930
3243016556346212357
30028551027453
3280519161160925189
3242431015711014917
3382769857470857221
30028548466558
30000013637422
30000034165787
3382768084475379717
3382767729645518853
3243662602039328773
30028550303819
30000037813680
947237813697380352
3242519069075177477
3244609213415817221
3213873525531803653
30028548720591
30000028406409
30000032578047
3382769918887854085
3382769202089295877
3382768315417821189
30000036544497
30028540255872
3382769878844440581
3382768323307110405
3382769782514057221
3382361398115696645
30028546166525
30028544025078
3382769405693788165
3307019705863176197
3382769632723206149
30028545528374
30028540617103
30028541305856
30000034187362
30028539224454
3242662322449809413
3382768361886449669
30028549922963
3382769433141510149
30028541809857
30028539207711
3242729725158359045
3382769641547497477
3243522210652749829
3382769580369969157
30028548740952
3382769455882829829
3382769802541793285
3382769575869349893
3242796931397648389
3382769477420646405
3382769780765032453
3382769581409697797
30028538393105
3376541053223436293
3243180128200687621
3382768402781110277
3242435029366210565
30028538706011
3382768807044644869
3382768002375876613
3382769649718001669
3242797616973414405
3382757755351859205
30028544543496
3269635913458974725
3382769355089510405
3328034416210673669
30028538738782
3236662557501358085
3286057489390174213
3244608515425370117
3382768150388604933
30028545382478
3244607894890741765
3382769836348276741
3382769373586259973
3243158971828928517
3382769513923739653
30028548720742
30000034605663
3382769207411998725
30000032577032
3382769446219153413
3382768565951987717
30000032725251
3242433971030065157
3382769402090881029
30000035344565
3382769501865181189
3382769671914848261
30028539558596
3382768664543166469
3382763125205762053
3382768800203735045
30028539256490
30028540213798
3382769617355079685
30028547823645
30000032724756
30028547157644
3382769091716513797
3243158981119049733
30000014029197
3243159684856348677
3223076300329582597
3382769857239973893
3243156437550694405
3382769779519324165
3028539039373
30028539489728
3243519424498302981
3382766600400732165
30028545547677
3243883297995685893
30000034199368
3382768481529298949
30000033929723
3266116194389852165
3242794042113654789
30000034368946
936239870202871808
3382768906537992197
30000027436116
3244367125536833541
30000025319657
30000028037703
3268640058195181573
3382769542352273413
3355270193210654725
3242990005907488773
3212427799266000901
3244608921807290373
30028548828867
3382768438135029765
3382768697162399749
3382769700813406213
30028548087790
30028539400987
30000037774170
3028544930631
3382769419128143877
3382769737341599749
3382769889104166917
3382769558278569989
30028539270828
30000032695634
3382769235840991237
3243884358898155525
3382769671126122501
3382769136826449925
30028539299687
3382387335700217861
3382768420627546117
3230491121933287429
30028550913696
3382769757599956997
3242785431329112069
3382769366166339589
3382769434651262981
3358139590070173701
3382768501015576581
3377243006978883589
30028542691074
30000036559097
30028548235963
3382769972658962437
3244609582460174341
3382769720014929925
3242434058573643781
30028539953991
3382769895416725509
3382769902349320197
3264982397422272517
3382767515408924677
3246671017168994309
3187786254538833925
3242796531949174789
3242442337047609349
3338492767113510917
3382767767302307845
3242435187520962565
3243881911752982533
3382769916652290053
3243163996315582469
3242799574144909317
3242440690959646725
3212753114215350277
30000033511792
30000035797750
3377243787618549765
3242434113766555653
30000035248141
3222532042950443013
3242799412228063237
3242191026452496389
3326635666065850373
3382767532739657733
3382769452078530565
3243878791316307973
3212746750877368325
3382769202496536581
3382769919810469893
30028547559934
30028543829753
3382769904237084677
3382768312632803333
30028540242788
3382769835857018885
30028548727545
3382768818478841861
30000037243115
3382768117568372741
3382769500295987205
3382768621535166469
3382769543514619909
3382769601886355461
30028542152379
3028543862119
935213291926454273
3242439033047744517
30000029845890
30028545989728
3382769898822500357
30000037627130
3382498876080324613
944891448141021185
3267566297294897157
3243523759886237701
30028539599111
3382768994094088197
3242323500835012613
3382769353533358085
3382768540379512837
3028544319257
3382769416787525637
30028538434547
30028548722053
3335008240344956933
3382769601403879429
3267589846168633349
3242433735448592389
30028539472154
3382769760804536325
30028550329584
30000011091446
30028548722155
30028539539060
3200419126920806405
30028550904986
3382769135227895813
30000027835113
3195108899735994373
30028547932894
3243159757451427845
3382769696434290693
3382769185916190725
30000034187485
3243580560916545541
30028539406083
3382769289591259141
30028545739346
30000035853714
3377242838338437125
3242161515522621445
3242428381755342853
3243159862803562501
3382768747770675205
3349479053639483397
3382769330888441861
30028539151121
30028549850880
3382768158320427013
3382768834093711365
3242273994562994181
3243159615600197637
3382769571406610437
3242796320782614533
3243655891668893701
3242424295349878789
3253694371051667461
30000037946590
30028542386056
30000038323887
3382767967219286021
30028550534826
942732111104704513
3242237765570002949
30000036663286
3382769841355751429
3243158414875688965
3382769568541900805
3382769913783386117
3186237417994452997
3242796470057697285
3199702205782753285
3382769500757557253
3382769151241945093
3382768258346319877
3242433855263211525
3382769882552598533
3382769015015276549
3382769579866324997
3382769859957817349
3382769549486718981
3382769028608753669
3243520467206602757
3382767572485079045
30000032993449
30028539057712
3028546210114
3382671608147410949
3382768736987578373
3382449004065259525
30028551161648
3382768367259287557
3274713245248978949
3382769708631195653
3242433594318848005
3382769762272215045
3295035323521826821
30028548240165
3382769423435890693
3382460120292065285
3243640734368530437
3221823153325735941
30000034865135
3244313560202477573
3327727790983544837
3382769156585291781
3242797316913233925
30028548724172
30000034180274
3382768152544542725
30028542680539
30028547535383
3382769720585355269
3382769369698140165
30000033975813
30028548782940
3382767846025003013
3382768768306184197
3382769330107908101
3350831427784146949
3382769063912341509
30000036911223
30028547483284
30028550959112
3244608707129573381
3382769571679240197
3382768989778018309
3242435046873563141
30000035498687
3382769641619128325
3382768767702335493
3382768592141025285
3292554750265786373
3382768785196908549
3382769755171454981
30028539476068
30028540489001
30028547335280
3382766669430128645
30000036003813
3382768034332737541
30000038078052
30000037099284
3213844633714360325
30000011340870
3242796405528395781
3382769397384675333
30028539874656
3382417867016175621
3382769023927910405
3220346387495452677
30000034244386
3243884849736515589
3382769410206990341
3382769255814463493
3242431709788700677
3242798734822735877
3382768899139108869
30000035656580
3382767722175660037
3028545190329
3242797049156861957
3242941266827411461
30000036568167
3242798693651316741
3242793760541900805
3242797057709441029
3382769016705777669
3382769246964285445
3370840019691307013
30000032610733
3243521974806970373
30000037654892
3382768088120426501
3259488191949832197
30000036448025
3382769042387042309
3382769562141065221
3382769736561197061
3244608938147840005
3242435370401005573
3382769602733867013
3242151329370144773
30028540422793
3382769273241468933
3382769262575353861
30000011461201
30028548724621
30028551069663
3242437448947204101
30000034479492
3243521915113963525
30028541616768
3361405937554554885
3242802237720887301
3242280076953976837
3382768723380862981
3382769780106854405
3382768981603319813
3221902589131816965
30000034179019
3382768059133394949
30028539242748
3242792602641039365
3382768687398256645
30028547772619
3212094563306373125
3242435078003621893
30000032874854
3382768832848330757
3256227532515966981
30028549622661
3242797431027531781
3242793703150911493
3243157800707817477
3242433985131315205
3324074375761821701
3382769237221376005
3382769792240451589
3382769827674390533
30028546228157
3382769533791698949
30000030303833
30028546347178
3382769857030324229
3382769037861715973
30028546466889
30028545100816
3382769793133969413
3382769313230487557
3382769230719680517
30028546725103
3382769847743807493
3382769749014347781
3242431445497217029
945360889735806977
3382768423651704837
3382769272835080197
30028548502690
3243159922203623429
3382769701912248325
3382769418351804421
30028548720926
3382769139342966789
30000035002401
3378479235456040965
3242269648899014661
3244475367097761797
30028541895914
3242421527553572869
30028549117608
3382768337459019781
3382768901693636613
30028543675075
3382768242827329541
3382769736204812293
3382769630714068997
3242148156408463365
3281739895296229381
3266233410175172613
30028539413842
3242797473448853509
3382409481730064389
3382767402238017541
3243884264333705221
3382769437927079941
3382769206820470789
3242797563651358725
3382769328308944901
3382769917025386501
30028548723910
3242294835384352773
3242798688920141829
948299581639098368
3382769681263886341
30028540520803
3382769234679103493
3382767780497391621
3242432858227015685
3233408736796409861
3382769559951704069
3382768974842363909
30000030586744
30028548359936
30000037135798
30028539493888
3382769502120574981
3382769902227947525
3243159734764306437
30028547998900
3242435202381381637
30000033260985
3243522370061271045
30028540145706
30028545698023
3382769904774152197
3244609296760766469
3382769640453308421
3382769834422960133
3264998574324056069
3382768299034738693
3242433579294720005
30000038287106
3242626419681460229
3243522114254798853
30028541382271
30000037885850
3267108495983575045
30028538767260
3382768199483260933
30000033991217
30000034187527
30028539455206
30028548722600
3382769481120022533
3382769398752346117
30028542057722
943424531232456705
30028541174593
30000034807750
3244609269498380293
3242447016548630533
3382769401104826373
3382769427588186117
30028546679553
3242171526101663749
3242434526754701317
3324364066641936389
3243146089154674693
3242435874225127429
3382768629965717509
30028539469537
3382769878722805765
3382769286394937349
3382769626733215749
30000009640825
30028539395912
3242434832200695813
30000035856166
3242433273206931461
3382769557213085701
30028541025454
3243418842356711429
3382769895206617093
3243172593884332037
3382769851351105541
3355181336817565701
3243879797269594117
30000037653883
30000028041436
3382769179344044037
3242427842145419269
3382768181900869637
3382769618823151621
3382769036767133701
3242432425211265029
30000034467675
30028539955388
30000038317591
3382769075513851909
30000034472445
3242433359660253189
3382768651163336709
3382769280602931205
3382674855512047621
3382769821932453893
3242437183602688005
30028539532611
3259894488318476293
3382769926567231493
3382769314241118213
3325819653854658565
3382393512609579013
3382768760676745221
30000036963163
3382769725849206789
3242293816118083589
3382767973901074437
3184849977198641157
30000032674485
30000035907460
3219995588110123013
3382769662942904325
3244604220126527493
3382769687038918661
30000033686178
3244609327312273413
3382769528238440453
3382769536690225157
3240769029025824773
3257692732037529605
30028541351375
30000036283114
30028548721864
3242443352153128965
3242434243521740805
3382768289233043461
30028546102255
3242431450052231173
3243884244469284869
3243520908401180677
3382768306953912325
3382769591690395653
3242430613825323013
30028548723909
3382769612632489989
30028539243463
3382768608918437893
3382768208547348485
3382769603010756613
3382768404710227973
3382768878402666501
30000035664124
30028539224828
30028540041204
3382768622910832645
30028550774653
30000035142991
3368914235192115205
3382769465651232773
3382769560182456325
3243159612559261701
3244275087139405829
3382768850028265477
3382768938418831365
3382769759760351237
3382769386231889925
30028548425739
3195038252892749829
3382769818472153093
30000033471144
3382769272533155845
30018621077399
3382769165158776837
3382767897019088901
3382769285120065541
3382769200592453637
3283424085016379397
30000012586659
3242194811325382661
3382769486568488965
3244608441622134789
30028540217214
3243541078217719813
3028543668101
30028546451604
3382768515725393925
30028541723985
3382769193428451333
3382767757151895557
3230885943349411845
3382769202542608389
3382768292940808197
3382769038666629125
3242432515036413957
3382769887967576069
3243459624208433157
3243521769651175429
30000035941185
3382769687853072389
3382398240714260485
3191446298049249285
30028539470513
30000036080063
3242795725153501189
3243158579846119429
30028548549076
30000032554651
3382768604044591109
30000037852322
30028539089830
3243155243637866501
30028539956345
3382769550124646405
3341746669778763781
3243878685309272069
3242431037953409029
3217816903831257093
3382767677431021573
30028548827966
30000033849304
3382768531621543941
3382769822460805125
3382769259144806405
3028544121160
3242148757661941765
30028541545947
3382768896609878021
3203332151575445509
3382769244905078789
3382769276106768389
3184263528962850821
943452063046565889
3382769525004566533
30028548457005
3382768505491357701
30028539285380
3243521323943395333
3382768957033086981
30028545908219
3382769876890288133
3382768482149924869
3242795518755995653
3300579444677279749
3382769571175792645
3382769928261795845
3379095807585550341
3382769367508844549
3382768632829968389
3243884071219625989
3382769821089333253
3243730443360010245
3382769803439636485
3382769862579060741
3382769185392361477
3242797122502787077
30028541621380
3382768568292671493
3382454446313373701
30000027133896
30028545015432
3242436128026722309
30028546244040
30028539243320
30028547591291
3189661016391876613
3382769684153434117
3244427203254091781
30028546448304
3382769501231775749
3382769652633042949
3382769713169629189
30000009662521
3382769092916281349
3382768857171230725
30028548720473
30000038570963
3382769320020869125
3382769272624971781
3382473568157499397
3382768799532580869
3242432247187898373
3182739115813502981
3242794627831693317
30028540595563
3382769167675621381
3242867658742431749
30028546948425
3243521967416541189
3382768711372505093
3382765328570318853
3382769787232714757
30000034170005
3242202881573126149
3242436222645829637
3382769321094348805
30028545287621
3242416702095032325
3382769570483929093
3382769906904793093
3382769464510382085
3382769177296896005
3212466336623558661
3382768924007006213
3382769886171889669
3382769655175053317
30000034187811
3382768535220256773
30028540216597
3254043836971024389
3382768517327749125
30028548725234
3382769814021537797
30028541070594
3244607601615962117
3243881024552566789
3242432459088658437
30028550696047
30028539528881
30028539487628
3213124216460804101
3242807280465346565
3382769340992520197
3242796553839247365
3382769075308462085
3382768933066833925
3382768685011369989
30028550243252
30028551049717
3382739922680872965
30028543880284
30028545910616
3382462107012366341
30000035120508
3382768645631377413
30000034972976
30028550913661
3382769595838038021
3382769710820753413
30028542348501
3382769566662787077
30028543171794
3243883446276587525
3242434220931219461
3382768787734200325
3382769581174751237
3382768569324339205
3382769444306223109
30028542087054
30000010770727
3382768544133545989
30028544676929
3244251894391439365
30000034728581
30000037509092
3197256943432630277
3360441141577121797
30028541356752
30000029069441
3382769776675651589
3242794049181319173
30028548272832
3242122148099981317
30000033973199
30028548773863
30000035012919
3382769588347469829
30028545908677
3242431291515863045
3242800424263024645
30000034856841
3382769506516140037
30028540433862
30028547626579
3382769818841120773
3242793541829918725
30000034164082
30000038005557
30028541753657
3382769970540707845
3382769821852499973
3382767793969299461
3242433701076467717
3242070848721059845
3382765673090187269
30028539726013
3382768914197053445
30000037572046
3242793667516039173
30028550884375
30000032641695
3382768541209722885
3028548003755
3382769181675814917
3243522054783696901
3382768839290650629
3382768418321072133
3382441610228793349
3382769789699227653
30000033288184
3242432609001144325
30000034440565
30028548155270
3382768308677836805
30000034177225
3382769487981772805
3243159774048616453
3243677306577551365
3382655882821238789
3243884302342291461
3244608161341636613
3382768886346809349
3268674980209426437
3242794788083335173
30000036996539
3382769785941000197
3382769461679489029
3382769510391808005
3242233447727038469
3382769319123484677
30028547933134
30000034573812
30028539483450
3243158667574050821
3382769157063639045
30028543459416
3382767977059254277
945723758503526400
30000034998107
3261344991762448389
3382769873341775878
30028542913393
3379434861506723845
3382767838286512133
3382769848347787269
30028548542795
3243521512699723781
3382769793725431813
3382769302161457157
3382769799639465989
3382769770887643141
3367564683058741253
30028541752660
30028541891021
3382769842438012933
3242162255657762821
3382769361766514693
3243159904562708485
3382769665875050501
944729683595886593
3382767606232645637
30028545220835
3382769543895777285
30000032920300
30000035655751
3382769555916718085
3028547734214
3382769503408619525
3243155921479794693
30028539922165
30000037956734
3382769206325805061
3382769423221456901
3242432715888852997
3382417491269713925
3382767735987372037
3382768244047675397
3382768141568180229
30028539377717
3242434691192324101
3256594454445096965
30028540569803
3382769906623709189
30000025589591
3294418051136880645
30028539458110
3382769589408694277
3382769573675663365
3382401875179143173
30000034999233
3382767651925327877
30000033978660
3242439246902722565
3382767573705293829
3242795658195959813
3242794268442558469
3382769234276909061
3379417467077853189
3201623239410909189
3382769233596973061
3244407989860499461
3382769035722686469
30028538776034
3382759709355933701
30000035771293
3244246614819733509
3382768491784044549
3382769944313462789
3243884263637123077
3382769819834777605
3266468806884589573
3243521209640353797
3242162892298584069
30000037213508
3242431033821954053
3382769863497744389
3243159713839054853
3243883650656698373
3243159875177545733
3240751096358764549
3242263703485808645
30028548801796
3382768690795315205
3283887897976897541
3382769722116014085
3242421513406382085
3382769661680615429
3382769797181669381
3242161803516248069
30028541897564
3382769900466405381
3382768563557236741
3244341215949422597
3242796360301150213
3382768824652791813
3242434728215379973
3382769504465649669
3242382486988914693
30000037332833
3382769744022798341
3382768230563250181
3377243238776963077
30000035080187
3382769468377333765
3243521447901986821
3244609214812520453
30000037793340
3242431345462935557
3382769468851617797
3382769762339586053
30028548305784
30000034596068
3382769682765512709
30000037695981
30028543863623
30000035699701
30028551212031
3242797060972216325
3243396373973893125
3235670527341953029
3382763652333436933
3382769557833973765
3242434015657787397
3382769087039995909
30028545022840
3382769857302822917
30000037045074
3382767480827019269
3382767510111780869
3382769359753707525
30028539172064
30028538352591
3242797317559156741
3382769792463011845
3242433211781611525
30028548721361
3382769286990594053
3382769888399065093
3028546437209
30028538785749
3382422026838933509
3382768914293325829
3192932655741403141
3244608685797605381
3243521837062029317
3244609304058724357
3382763631953444869
30028539225357
3382769915834269701
30000033606015
30028544126470
3242153346297561093
30028547400710
30028543835395
3382769841691623429
3382769380670308357
30028549024188
3382769728806256645
3243743833788645381
3378641624738889733
3269654222372208645
30028548274141
3382757786318405637
3242193094705807365
3242399159728799749
30028539428002
3382769946226262021
3382769776201891845
30028539378014
3382768634650427397
3382769224030158853
3382769373414162437
3382769150185111557
30028544630080
30028545086121
30028549024109
30028547748215
3382769569535819781
30028539579347
3382769576112422917
3242797218397356037
3244607927043620869
30028540206580
3382769521460903941
3382769662196187141
3229400569623674885
30028539311529
30028548828162
30000034169289
30028550599537
3382769756354183173
3382769737387343877
3382769497733595141
3242796651176132613
3242436595116933125
30000009469323
30028548801640
3382769160796962821
3355253830404538373
3382769670480330757
3382768992126697477
30028539210028
30000037843633
3382769847039557637
3382767364917428229
3242453921719386117
3382769436819783685
30028548771568
3382768737075396613
3382769431480172549
3382769257404235781
3244608966564642821
30028539956589
3243875639053844485
3382767782326239237
3198677281005699077
3244731922233950213
30028547222839
30028548799884
30000028381885
30000037559389
3242435238964232197
30028540660909
3244607442199445509
3242432917244805125
3382769936428040197
3382769631720570885
30028547669824
3343198453693415429
3184246544300769285
3382767248940924933
3242431489365508101
3242792105255370757
30028544991821
3242432551249969157
3382769754244513797
3242252716493766661
3382768348842295301
30028539491420
30000035028355
30000035498522
3339199942714654725
3195036838858719237
30028548721174
3243158993341644805
30000037686233
3242432931798974469
3382767774121852933
3382769250240036869
30028539955597
30000033405693
3382399725485359109
3382768435882622981
3379195593169043461
3382769272696799237
3242961641263136773
3242432940791824389
3243520557027033093
30028547519192
30028541626153
30028539481079
3242146561612447749
30028540950333
3242433757007380485
3028547062478
3382769683838926853
30000028652129
3242796146664341509
30028539286631
3243522403804905477
30028549771192
30000034195700
3242204938262675461
30028546963161
3382769302102474757
3379775864910512133
30028543877796
3242223842812887045
3382768828545105925
3242434570945626117
30028539966284
3382767689279733765
3242794170329530373
3382768965258379269
3242431541739651077
3382769111455105029
3028544820477
3242798995666305029
3317242962311249925
3382769604323508229
3382769911803543557
3198359152035495941
3244606240014991365
3382769674120724485
30028539153070
3382768538995064837
30000034161909
3242797015401234437
3382769604684349445
3382769575521157125
30000033629425
3242685727618301957
3382457157376868357
3382768937668247557
3242423897092259845
30028541897512
3382769104219865093
3382769816672731141
3382769792798883845
3382769452581584901
3244608159743803397
3267936881598136325
3382769267503923205
3242434685882400773
3242434785471889413
3329524980848590853
3382769854782177285
3382769886608162821
3382768430941339653
30028539258249
3382768642359820293
30028547875211
3242432175909896197
3382769843155369989
3221821644324274181
3242433069590315013
3242435419940061189
30028540297091
3382769026964586501
3382769412509335557
30028546275709
30028540674436
3213101076833828869
3382769085655941125
3242432473147965445
3382769260470140933
3263937015019405317
30028542307408
3382432840174141445
30028540726002
30028540206228
3382768141865910277
30028546982385
30000035853710
3377669970596462597
30028539474746
3242793791676219397
3242438450857246725
30028542040989
3382769894506102789
30000038578091
30000034377988
3244594095907274757
3374027749640962053
30028550403353
3244608800381992965
3382769431178444805
3382768528874471429
3244608463046967301
3382769769855844357
3382769677656653829
3382769256569176069
3382769153959657477
30028550243404
3382769868942278661
3243883280702177285
3267560045806813189
3382768789999190021
3382767503467544581
30000026133286
3382769654289858565
30028541756021
3382768379003863045
943468224287080448
3382768510189043717
3242434424199643141
3223692618141270021
3237007021209878533
3242434916766253061
3243158385074896901
3382769847433822213
3262425258023452677
3242440639776555013
3382769943227138053
30028547185861
30028539161158
3335439148034359301
30028549768756
3382769472055738373
30028548722290
3382768047687270405
30028539505800
3382768068507598853
3380889997621919749
3243884411356839941
3382768975307931653
30028543681060
30028544231074
3382769209978781701
3242796859616591877
30000032981810
30000037542975
3243522181670371333
3242091587339681797
3382769856048398341
3199003309376602117
3382768866163884037
30028550157923
3182342176311607301
3382768621249757189
3382768581173116933
3382769440334610437
30000036304029
3244608480998129669
3322276981810003973
30000033522469
30028544271696
3245860913599414277
3382769817737756677
3243150847214223365
3382768744419819525
3382768481436958725
30000037313792
30028538835082
3242435000941608965
3382769399141892101
3382769556550123525
3184144218714013701
3270753547449532421
3242794536991326213
3379417082329956357
3242435182340997125
3382769575022100485
3382769912008998917
3242425765512019973
30028549951660
30028548722741
30028541581651
3382769872158785541
3382768164100112389
30000035089534
3382769722761805829
30000026101704
3244607354538426373
3243159548646129669
3382769632245055493
30000035278110
3242435031077748741
3382769430498770949
30028546315549
3242273311768248325
30000037726428
30028545588998
3382553498174554117
3377242904080220165
30028547357944
3382769899610767365
3382769802453778437
3382769765867192325
30028544136942
3244607643899396101
3382769428317601797
3242394722532720645
3382768165387829253
30028542980645
3263881641071345669
3292575457330790405
3382769821177085957
30028542607831
30000035882558
3242796058982350853
30000038535188
30028548721072
3242797225770745861
3382767458400272389
30028541625435
3382769647084240901
3382184799881854981
3382769722237911045
30000032930993
30028549852002
30000029747760
3242194781864525829
3382769385749741573
30000028506714
3242434974534139909
30028540211514
3382769723366309893
3242435236279746565
3243158611865698309
3242432246722592773
3382768901378670597
3382507210569220101
30000034866350
3242793623740219397
3382769132619104261
3271455909709414405
30028541741157
3382768755782320133
3382755582295343109
3382769857927839749
3382769320637300741
3382768873268707333
3242226273609252869
3382769398915530757
3243521415651328005
30028539497642
3263841458053578757
3242795817172729861
3242432772788781061
3028547946851
3242431576527208453
3242784558477737989
3382768998120882181
3382769775144468485
30028539298738
3382768512872939525
3382768414680088581
3243882058645700613
3382407215820505093
30000030446829
30028548773332
30028539469001
30000035908874
3243884477013884933
3382769748183547909
3382768616015003653
3382769586598117381
30028544236867
3382768368425762821
3382769771768315909
30000034629167
3382769680273899525
30028548244522
3244608032400539653
3301982726397952005
3242428336582557701
3382768790062432261
30028548773808
3382769567753371653
3382769623298605061
3243521757198286853
3242426580352172037
3271938442725425157
3242797133458178053
30028548329646
3382767619050373125
30028541387662
3382769194908844037
3382768780633505797
3382768255531483141
30028541943707
30000035326896
30000037548114
3243159179035803653
30028548658890
3377242610227281925
3243105628976447493
3382768060899131397
30000028788788
3382769902114570245
3226511149262241797
3324026293200289797
30000036794164
3237439813458919429
3244257106867191813
3382769636510531589
3382769388538953733
3243053094207619077
3382768572134457349
3242796106177052677
30000036379541
30000011411467
3382769787920908293
30000033692961
3382768599120805893
3382757051736129541
30000033937465
30028550810075
30028548723291
3382768896651821061
947260158591893504
3242797182342922245
3382768224062013445
3242141619321438213
3242431987916996613
30028546926778
3242223692325322757
30000030560470
30028539305455
3382769740957089797
3382769159471169541
3244609453506035717
3382769052038463493
30028545085390
3382768986514915333
30000037967111
3242302907016019973
3242414914176352261
3382410064394256389
3242436559972597765
3382768878570045445
30028539555896
30000011363692
3382768286699487237
3243159298796290053
3382769746535186437
3382769839187492869
30000033454167
3242437666115551237
30028540739416
3382769875187204101
30028542170840
3382768824635555845
30000036272024
3382769767934787589
3243519282013601797
30028540224425
30028550277999
3382769498505150469
3382769890794602501
3242431329218330629
3242437910656057349
3382769053112074245
3382767896721489925
3243289516668157957
30000036773543
3242193455331999749
3242797171031146501
3243357744819535877
30028541896774
3382769932456558597
30028545914573
3382767685614108677
3028544914012
3382769183303401477
3382769166194638853
3240371416380014597
3382769262457978885
3382768372955611141
3242794287241560069
30028542847074
3028547266928
3382768261852430341
30000032998322
3382769464825020421
3382769173740257285
30028540350711
30028548828642
30028539469529
3244279567653994501
3382769884385443845
30028539329912
3382768704602898437
3028546090888
3242801726078517253
3243273146571882501
3382769808170614789
30028544524755
3382768997269045253
3382768171771428869
3382429697587281925
30000037934438
3242690499037364229
30028546318730
30000036598027
3382769159793999877
30028549455094
3242697100599230469
3199331853390643205
30028548725273
3242797498786316293
3242432285465313285
30028546595289
3028545272115
30000032557286
3382769601693679621
3243886640893067269
30000033102744
30000026059489
3307705065186394117
3242431620924047365
3382769936797532165
3382768585719676933
3242797215956205573
3243513885068099589
3243159094357590021
3382769527483596805
3382769240920358917
3382769140638941189
3382769751652564997
3243159646034329605
3242437796050829317
30028539227100
30000027581329
30028548802649
3243160000557219845
30028548722201
3382769080668454917
926784585163866112
3382768665340149765
3195191494373146629
30028551262359
30028541716629
3382769669984878597
30000036242997
3382769731687481349
3244598499913826309
3242434771815235589
3382769544139440133
3242797579032068101
3242796964092182533
3382769130828267525
3382769242811793413
3242824270319976453
30000034824025
3382767910286196741
30028540724080
30000012156913
3382769923082223621
30028543751542
3242797548484886533
3382769580214714373
3197160691948781573
3382769571750412293
30000035242556
3382769213322231813
3242433768147714053
3382768746496131077
30028539182425
3382769281550581765
30000034194972
3303729699538927621
3382769403604631557
3382769819029471237
30028539161028
3382768438390423557
3382769233995956229
944257287415922688
3382767614100897797
3382753611513659397
30028542203292
3243519368718385157
3242797610526769157
3382769300144193541
3382767907408904197
30000035389124
30000036379780
30028548723751
3382769847831822341
30000029923308
30028540433382
3242428020202209285
3377243436077154309
30028539258421
3382768405184118789
3382769233760878597
3382768903668891653
30028548882944
3382769917369712645
30028550473801
3242440584684109829
3244394247672365061
3382768679848312837
3382769482575446021
3382769534953521157
30000037334105
30028539500894
30000031104220
3382768594725306373
3242796943372386309
3242433503864422405
3238475226172555269
945024965604802560
3242168867974021125
3382769726608113669
30028542525636
3382769577282699269
3382768510599757829
3243521938043961349
3382769514711941125
30000032967029
30000037333732
3242435394870444037
3382769747445743621
30028539507782
3382768032491110405
3382769434206863365
30000033261223
30028542529939
3382769774230634501
3382769772104056837
30028548853352
3382769587256688645
30000034195412
3382769364237025285
3242431965167353861
3382769330116493317
3242179333114822661
3200084627737477125
3382769271325130757
3260935134118805509
3382769277872111621
3382769506998681605
30028539928180
30000036967650
3243159973764661253
3382769749131722757
3382769432944246789
947564595537510400
30000034187679
30028550900013
30000038453715
30028539481128
30028538418763
3382769538371878917
3382769316237541381
3382768884572684293
3350930715981512709
3382769622648291333
3382769860847206405
30028539587147
30028539892744
30000033126679
30028549024209
3242137193323954181
3382768920299569157
30000037708471
30028539469034
3242796444581822469
3382769565295443973
3382762043486502917
3382769645880541189
3382769684954415109
3382769798762725381
3242434698465247237
3382769844623704069
3201519624251899909
3382768655492120581
30028540205851
3382769889649164293
30028548828619
942429292850053121
3257736002150924293
30000036100321
30028546570663
3382768684244205573
30000032747842
3382769252228202501
30000028562682
3382769339427717125
30000036136401
3243160003850141701
3357349635588816901
30028539965185
3382769111760961541
3243685681771773957
30000034676009
3382769789480730629
3379528406275915781
3382769701052416005
3382769245828022277
3382769445187289093
3382769834850910213
3382769441257291781
3382717388677971973
3382769539680960517
30028541017870
3379985801103998981
3382769878169550853
30028542403480
30028547788876
3382768916352401413
30028541444681
3382768636563030021
3242433865165963269
30028540291764
3382769823295602693
30028548725841
3382768533928673285
30000012225438
3382769554306236421
3382769122145927173
3382767458316320773
3382769802256515077
30028548771249
3382768498327552005
3382769765766332421
3382769244095774725
3242432309993734149
3382769852898869253
3382769195387322373
3382769918778998789
3382768739705487365
30000037375018
3382768590941454341
30000035127609
30028547117321
3242431893092237317
30000026267842
30028544503169
3243159021221511173
3243159117195378693
3382767426464514053
3242794378698227717
3382767610183483397
3382767563647942661
3028546112352
3382769669729615877
3382768649393733637
3382769924348641285
30028548724129
3382769285669257221
3382769837237338117
30000034637274
3382769898075521029
30028541065216
30028548720941
3382768500432961541
3242417979449278469
3382769861459116037
3242437663225741317
3243159613246996485
30000033565856
3242797041502388229
3382769174134521861
3382769120929710085
30000035316683
30028539021978
3382769164814909445
30028550305660
3257389647419146245
30000035798527
3382769748842446853
3280251536493248517
3344676805381914629
3242433811390857221
3382768980110016517
30028540573508
3382768920823463941
3382769119323619333
30000034162202
30000035158173
30000035001911
3377243479974739973
3382767719017218053
30028547950137
3382769497204850693
3382769753925615621
3243158610087510021
3242430152573452293
3243156148882243589
3382762232376590341
3382767768962859013
30028539501746
3382768328592523269
3243885347244474373
3382769472215646213
30000035615387
3270380069060214789
30028540425317
30000035364480
3314339587990683653
3382769361950998533
3382361275654930437
3242434317785956357
3381725116876128261
30028548619544
3313133346321072133
30028543064921
3382769497142394885
3243486070364700677
30000033000665
3243160279030431749
3382466051033530373
3382769658006470661
30000033253944
3382769865267806213
30028548723383
3382769299133235205
3195081223415660549
3382769093071536133
30000038245094
30000038528508
3382769922830172165
3382769786280935429
3382769390741225477
3243884364384239621
30028542466934
3382767602310709253
3382769932058165253
30028540837663
3382768425451520005
3203422678312747013
3382769847052206085
3242433591730765829
3243884712645885957
30000012411969
3382767987070795781
3028545696394
3382769332700119045
3376639637486829573
3242795732036354053
30000027179892
3243151835208351749
3242429660359491589
3244609216737705989
3382769825195294725
3382769508999168005
3382769807780675589
30028542708384
3382769649470930949
3264995364968464389
3382768845737426949
30028539907757
3382769351411105797
3382769212856205317
3382769024456458245
3242276167610859525
3363153645168623621
3382769733415469061
3382769846343041029
30000037920186
3244601903733604357
3382769636359274501
30000011392542
3382768728787845125
3382769349116952581
3274002898393235461
3382769174818324485
30028538462932
3382767624322154501
3242431212348506117
30028548771347
3242434436157603845
3243158679402577925
3242437954671083525
3028548133862
3382768475279720453
3382768472850890757
3242432837125472261
3382769695365005317
30028542521793
30028548772749
30028548352160
3242434744581357573
3382769918635999237
30028541943515
3243519422015078405
3242796574500257797
3242417384180940805
3257810344117338117
3382768409362038789
3242787720932556805
30000036359770
3382769740021628933
30028549939896
30000038120771
3382769406863736837
3382768280550506501
3382769378850308101
3242425371062763525
3382768416701677573
30028538494398
3382768372049707013
3231366303803899909
3382768510033657861
3382769814411673605
3382769757427728389
3382768020667432965
30000035848287
30028548721485
30028546933587
30028541366154
3231830218471899141
3242797394553929733
3242434095315943429
3382767872776208389
3244608913003380741
3382769620144226309
30000025579202
3242434486619209733
3242478785960542213
30000025258867
30000037312797
3382768912636313605
30028545084936
3242174178419933189
3242433532029173765
3242432518337200133
3185068944819421189
3382767954866864133
3382769803137777669
3242432621592772613
3267605914597785605
30000037741297
3382769806471987205
30028539492609
3242436156178563077
3382769487742697477
30000037771924
3382769856606830597
3270486012439494661
30000037176282
3382767836214263813
3382768093019242501
3382769061374918661
3382769804517179397
30000032947963
3382769643497979909
30000037691857
3285691179808260101
3382769786318094341
3382769789829054469
3382768721242226693
30028547257069
3242435242302898181
30028545182212
3382769663177916421
943834670183743489
3382421673389129733
30028540288348
3243884665946636293
3382769866224173061
3244608497817026565
30000034171859
30000027984655
3243521464733728773
3242403262928322565
3382769044366950405
30028539270750
30028546352232
3382769782698409989
30000036462335
30028547709036
30028547319369
30000032731694
30028539502900
30000036344355
30028548737869
30000037751685
3382768574701305861
3292111036875472901
30028541680736
3382769613702037509
3242433875106332677
3242797204769734661
3382769211975794693
3382768899730374661
30000036189132
3382768421638766597
3242796611565322245
30028539033109
3028544689493
30028546788613
3242434328297013253
3382769299573506053
30028539322695
30028545509024
3379402705090707461
30028546842623
3382769761555316741
3382769381647974405
30028544357478
3382769353113993221
30028539390836
30028538727508
30028539967717
3382768854289809413
3382769129888677893
30028540307185
30028547775228
3242783187762544645
952175312806871041
3382769420918718469
3243520798824726533
30028550289231
3243159545706250245
3382769114910818309
30028540219669
3243161916607692805
30000035011318
30000037573682
3382769684862337029
30028541689466
30028543632863
30028542633540
30000035826245
3382768405624782853
30028542804281
3377233853103276037
3382769541115281413
3370079812916936709
3382769506679652357
30000034197000
3242797346935799813
30000035853902
3382769700397907973
3243871018767417349
30000037793061
30028544813080
3242429607263731717
3382769866593140741
30028546334530
3382769199434301445
3382767311984918533
3243197410670149637
30028540223557
3382769732735926277
3255224526957838341
3382436836531961861
3243522214368706565
3382768875844206597
30000032803182
3242800088974688261
30028543827352
3242480402999017477
30028548799988
3382769837610631174
3382769155494838277
3379417118573002757
3382768629462007813
30000013489095
3382769790965776389
3382769517262077957
3382769589844312069
3213951851331911685
3242796928398852101
3382768916642070533
30028543501743
3242438680625479685
3382768134026690565
3382769707746328582
3382769898578903045
3382769815003004933
30028549762382
30000033903238
3382769442800795653
3243521960546336773
3242796172358713349
30028539390279
3382769048817106949
3382768394577182725
30028541297995
3382769494935732229
3382769280866713605
30028541668311
30028547793314
30028543486990
3242796208379265030
943468172500008961
30000029496597
3382769786637123589
3261953530016825349
3242435048685371397
3382768517017108485
3382769635084337157
30000033678833
30000037877074
3243159742678827013
30028538719279
3378330721216626693
30028543622856
3382767793550000133
951169289606397953
3382768765667770373
30028541945040
3241838675845840901
3382769613962018821
3242433390173749253
3382769796422303749
30000038525357
30028551074636
3382768853022605317
3382768999592624133
3382769764055121925
3243522144265175045
30000035901972
3242141033771565061
30000033606484
3382767791197192197
30028546427680
3382768201035022341
3028544899017
30000034165141
30000033878412
30000037039601
3382768878247215109
3243521447196819461
3276927442863456261
945375024628367360
3242684417137246213
3382769717993406469
3382769631774900229
3242420547965747205
3382759336688091141
30000037639975
3382769521674551301
3382769808694902789
3242433957289721861
3382768234639982597
30000034205518
3382769839905046533
3242431696299622405
3242432312065654789
3243522069115568133
30000037143375
30000037313163
3382767807592726533
3382769815023910917
3236033282209021957
3265036349379248133
3242795783395934213
3279425851042299909
3242796996195647493
30028538949931
3242601944076451845
3194328634961035269
3243159497648308229
3249045509153882117
3382769877104197637
3379055551612125189
3242193412957143045
3382766068181106693
3382769778093195269
3382769333601697797
3382568842523639813
952247737200410624
30000034230257
3382768887705698309
30000035927187
3382504119241342981
30000037149242
3242432309230174213
30028546453028
3242796497974984709
3382769753623953413
3382768797049683973
30028550997126
3325941043618119685
30000032430082
3242167610085277701
3242777659460091909
3381630878561730565
3382769827267543045
30028549143964
3382769578343792645
3382769835077206021
30000028030501
30028539501115
3382768578224848901
3243159729639325701
30000033254348
30000034654407
3382769213883875333
3244371936978534405
30028540786840
3294295519486083077
30028548417172
3242796278336258053
30000014034312
3382768537766068229
3382768935151206405
3382769728781156357
30000034176828
3382769168631463941
3243694561545355269
3242292367564996613
3382769895420919814
30028544803740
30000035063673
3382768845107888133
3242460342091513861
30000037020577
30028540900293
3382768352126435333
3379087471062286341
30028547575121
30028539477863
30000025076901
3382768553759211525
30028550843686
3382769542876758021
30028540227762
3243159965971709957
30028548720715
30000033811382
30000034200142
30028547415208
30000037762211
3382769737563766789
30028548723964
947926735209365504
3382768368345743365
30028539137536
3243159800317673477
3242772929937342469
30028543005253
3382760353185988613
3258442011509784581
3382767654609813509
3377249505553743877
30000029039097
3191834788016226309
30028539876186
3242438973345759237
30028548771667
3242431769687687173
3382768963056500741
3243155444293894149
3243522421260943365
3243160013652164613
30000033259709
30028546470471
3243884600507367429
30000029570320
3242146163204096005
3243522285675872261
3382766392241750021
3214666921774940165
3322905213039149061
3382769871525838853
3382768843321638917
3209160602963410949
3382769885878550533
3382769448488402949
3382769490506809349
3242796719878832133
3382769789753622533
3382745072892116997
30028542106006
3257736510789910533
3242796422213664773
30000036346431
30028549076456
3344346686729945093
3382768303640215557
3382768026938048517
3382769636539564037
3382769792076939269
3382769837463437317
3382769085907075077
30028548802710
3382769751748837381
3382768162233450501
3382734458606059525
30028539383548
3244309257198370821
3199360664136253445
30028540206902
3382769617757929477
30000036124323
3242798645978857477
30028549242068
3382769878970859526
3237388134130712581
30000035915375
30028546629424
3382768038065209349
30028543727356
3382769516004179973
3299367890552094725
3242146172091498501
3382769294733475845
3382769935157493765
3382769782455533573
3242407577743065093
3382769898519986181
3382769372395339781
3382769871278047237
3242170527915769861
3243160287611518981
30000035862243
3242526494260264965
30000034190472
3382768680775385093
3242147479670095877
3382769746845564933
30028539495429
3382414280412233733
3243882614370009093
3242785341172547589
3363606915515154437
30028539402748
3382768385735196677
30028539070756
3242145604337926149
30000032916605
3242434125003030533
30000032812238
3382769890148352005
3382768036974690309
3202317199012265989
30028544117287
3382769658484424709
3382768715449761797
3242433811894173701
3382412088825217029
3242172900662902789
3283791803854946309
3382769757700358149
3377253132209225733
30028544760812
3242464829900652549
30000035417042
3242434384978771973
3357768681614540805
3242434960441475077
3262853375644729349
3382769360412082181
3242434934621143045
3382501078849224709
3242431169478524933
30028544756666
3239591468425936901
30028547121150
3200148854846062597
3382769176034541573
3218945685426339845
3242304386540175365
3382758541229817861
3242421922434646021
30028539385883
3382767793545543685
3243884308369965061
3382769646299643909
30028539967714
3382412635993735173
3242432581088378885
3382769334797402117
30000026204377
3242795673278480389
30028548026607
3382769734510247941
30000035863864
3242434354779848709
3382769538439184389
3269636280464769029
30028538550611
30028540775830
3382769908872052741
929353702370705409
3382767813011308549
3244250249318170629
30000034187854
30000037710918
30028540449080
3382769571763060741
30028542227909
3382768775784693765
3242438180920229893
3242514749617471493
30000035183694
30028539402660
3242126825805840389
3382767436287639557
30028538746737
30028550599540
3382769444331388933
30000037134349
30028539224106
3242797218313338885
3382769773714472965
30000037225330
3382768502752083973
30000035466090
30028543526464
30028540211091
3198765377642627077
30028539224647
943477156191666177
3382757386298720261
3242432132834394117
3261343593263857669
3242797611294588933
3242434566503989253
3244609428386545669
3382768827743469573
3342130801042259973
30000037065863
30028548723388
3382769806056488965
30028539472998
3356227338676928517
3382769899711561733
30028548728869
3382769727576866821
3382769466674380805
3382769236227063813
3242217176910594053
30028543940375
3382769820724494341
3237779884422725637
30028539021063
3243884760176001029
30028542699960
3299004316126281733
3382768067311960069
3382769497679069189
3382769176940773381
3382769555778437125
30028538527499
30028539123031
30028546677757
30028549999085
3382769859618078725
3382769154739798021
3382769746128601093
3382769878517547013
3382768300054347781
30028545408211
30028547538159
30028547836656
3382723964256124933
3382769800335720453
3243516033529413637
3242792866303574021
30028547638350
3382769836134432773
3242431627617959941
3382769942577414149
3244359212936134661
30028539469074
3382768834173861893
3242434370135064581
3242430924325519365
30028543153259
3242425047673798661
30028539058458
30000009642249
3244608841230123013
950370338863054848
3382769284415619077
30000035839051
3382769353164259333
30000032819855
3242595800562008069
3208103971773546501
30028548722208
3244608535960551429
3382769801044754437
3382769427264897029
3382769879717249029
3243522070940024837
3382769335807967237
3382769335606902789
3382768977782177798
30000035868262
3382769674431234053
30000036988491
3382769583742058501
3382768692649590789
3320807948707299333
30028547788358
30028541603891
3382768520725200901
30000035821067
3244609512087814149
3382769913909411845
3242432751721054213
3244607746382757893
30028549030998
3382769616452976645
30028548721343
30028541629607
30028545260380
30028545237009
30000033052779
3382767520639352837
30028539945185
3382769767662223365
30000034177164
3382769424773545989
3382768661007826949
3382759015077380101
30028538427800
3382769223870578693
3382704788112343045
30028550401236
30028539557648
3242071173049614341
3382769060955488261
3028546072309
3382759515516764165
30028548274113
3382767864597053445
3242796698068647941
3382769723869626373
3382768841421291525
30028548941800
3244605563797045253
30028548721881
30000033184568
3382769150164336645
30028540433238
3243159177098428421
30028548799770
3382769751387996165
3028546257150
3278410544852959237
30028541396024
3244351058517295109
3242433349644255237
3242439022767439877
3242431765795045381
30028541623338
3382769861677285381
30028548626156
30000038435218
3382769866551001093
3382769378439397381
3242162626727968773
3382416431549186053
3382769723109998597
30028542202262
3382769545515040773
3242796193875361797
3382768954017775621
3382768907087118341
30000035140174
3382577365248835589
30028548820153
943449599949930497
3382769362701778949
30028541209026
3382769901779419141
3382768877366476805
3243157556683210757
3202821260023365637
3382769675873878021
3382769636179247109
30000033922334
3242435596587368453
3242761597712334853
3242422116866064389
3382769190265552901
3242436694593241093
3243158519758061573
3382769741716193285
3242433404660613125
3242435807036506117
30028543112510
30028544021921
30028547142995
3382769383413776389
3382769171127271429
3243524261378195461
3244258708029571077
3382769387364745221
3382768822329081861
3382769058002632709
3243884420160421893
3242793870151647237
30028540431209
30000029972133
3382769952589086725
30028541039926
3382769187036266501
3382768246035513349
3382769025404698629
3382769760980434949
3382769565525934085
3382768900854644741
3382769236097040389
3382769816404099077
30028547156390
30000037851434
3382768646491078661
3382767953088544773
3382769938122866693
3382767883354046469
3243884529266655237
3382769918124621829
3382768563838058501
30028539923726
30000037622277
30028538962325
3242598074239549445
3382769879469850629
30000033724426
3181901415094222853
30028543265315
30028540997689
3028540839376
3308892157916413957
30028547858964
3382768937001353221
3382769845453651973
30028539321275
30028548771569
3382769291193548805
3209335653075714053
3382768948694614021
30028539271136
30028548722553
3382769378904768517
3382768687003729925
3382768577964474373
3187747720574337029
3382768156503834629
3229454534180732933
30028550181594
3382769897329131525
30000028399130
3382769715254525957
3243166139098071045
3382769750754983941
3242430874895515653
30028540334512
3382769740235538438
3333531080207630341
3382769131839356933
30028539329691
30000036791312
3382769653102936069
30028542174387
3382767464238350341
3377241878270640133
30028544328164
3382769742425227269
3382769574204342277
3242797074482135045
3360160575552094213
3242796121033146373
3242774120612233221
3382769367764697093
3382768147075366917
30028548245312
30028539389510
3242433850133774341
30000029216935
30028549850848
30028547566494
3382769353512648709
30000035911906
30000034971533
3242161201838817285
3242432766174363653
3382769553773821957
3242436388878811141
3382769843713540101
30000035768110
3243158231924867077
30000032770437
30028550382355
30000025621739
30000034161048
948993088670400513
3243521521633001477
30028540282918
3185557822290395141
30000037674314
3382415586551988229
3382768584163590149
3260949381825560581
3382769442993668101
3382769359283486725
3242170525189668869
3382769643179212805
3242793055143723013
3382769440422756357
3382768131233677317
3382769969479352325
3382769807608512517
3382768856202084357
30028543545525
3366490361002917893
3382769096758198277
3382698852332863493
3382769877057994757
3382754100754055173
3382769574086705157
3379417504637845509
3379051516821700613
3382769792844759045
30000036286322
3242797271668948997
3242433299992018949
3382769876990885893
30028544066281
30028541896202
3028544034393
3243317538405941253
3382769107927564293
3382769454142193669
3242428496725213189
30000037314546
3242435807699009541
3382768112896049157
3382769095596113925
3382767341223739397
3242794760522301445
30000032932306
3382769521477156869
3382768760521359365
3242795716849106949
3244264829004283909
30028550064191
3382769589336997893
3243522051026124805
3242800181966798853
3382769757486776325
3242434073111232517
3242434181328273413
30000038225356
30028542163297
3242796362130063365
3242796076942688261
3028547184119
3382769589559558149
3243159984958603269
3382769655028449285
3382769822423056389
3243159541222866950
3242433735784464389
3382767316435337221
3382769281592590341
30028549768169
3377044579955572741
30000034162343
3382769577962307589
3382768342735388677
3198797631311904773
3382769149069623301
30000037828820
3382769056895074309
3242434170901495813
3382769329155866629
3242792545975926789
3382769564938928133
3382769439172919301
3242231587544956933
3382768433148133381
3377243379084886021
30028548723205
30028548770324
30000025683247
30028548722413
3382699690841669637
3242796163579904005
30028549921524
30028539390375
3382758380323602437
3263959960953487365
30028547570500
3243524727083892741
3243883295298617349
3248590068917600261
3382769278157455365
3242790275389784069
3382769914093830149
3382769008258056197
3363152604071002117
30028551181587
3244604904385544197
3382769248079839237
30000033259910
3382768869992759301
30028541826425
30028540602020
30000028443033
30028551073983
3382769886394187781
3382759234951184389
3382769208414568453
3382769293290373125
30000036795405
3382769847332831237
30028546854723
30028540212115
3242421972326088709
30028549150032
30000033257861
30000038216375
30028547580160
30028550407377
3242431668231405573
3382768850661474309
3382763195586052101
3265462702515748869
3382769458571509765
3377968178505515013
3242434741611921413
948177724013281280
3382757713794170885
3382769947048542213
3382769109646835717
30028541572082
3243884187263434757
3382768927819956229
3382769796456316933
3242436924113682437
3382769947857715205
3243159694314307589
3382769526585950213
3028539136281
3257350554010451973
3382768297357279237
3382768744138407941
947648176360259585
30028538722981
3382769903297822725
3382768183444242437
30000032744584
3242794302013964293
3242434383980462085
30000033257592
3382769386265706501
30000037965268
30028543524163
3382769503009636357
3382767420470919173
3382769962231660549
3382444274093981701
3242434456005115909
30000035038798
3243651296666189829
30000037844868
3382769634828550149
3382769803913789445
3242431666692292613
30028539299450
30000033904669
3242292145551900677
30028542130136
3242433919108907013
3229753573946294277
3328443874149531653
30000035266557
3382769654285926405
30028550378551
3382768924229828613
3244609455201058821
3382769777061855237
3382768097100038149
30000037892091
3382421191740424197
30028550435333
3243883668159725573
3382769851263156229
3334588105960325125
3382769854731976709
3382769723160526853
30028545187086
943290725141839873
3382768169212968965
3242194355815710725
3382769465827590149
3242796810853679109
3382769725752868869
30028547523144
3243160077510377477
3382769812100874245
3382769305076563973
3242144480684015621
30028544041741
3382769776415866885
30028546117367
30028541821405
3382768861553950725
3243521765519261701
30028544766204
30028545238797
3382769815842062341
30000038350650
30000035619703
3242807555993632773
3200868975118123013
3382769147043381253
30028547638651
3242094456679825413
3242434007940071429
3382768994785886213
3382769875195396101
948993078977363968
3372930895909683205
3354482443771510789
30028545043660
30000034472189
3382768429389709317
3242769723559706629
3278778349113049093
3242434110839062533
30028548723014
3244608916412891141
3244252392310112261
3382769859664281605
30000036657677
3382768732340224005
3243522401292320773
3243159190071541765
30000037303912
3242433562202996741
30000034184774
3243522330039418885
3242797435469103109
30028543481877
3242433731355082757
3243159269288968197
3242191970863022085
3242797068383944709
3382769447364132869
3246104304509714437
3382769410751791109
3243159495383449605
3382769912566972421
30028547216291
3242797379848634373
3244609311596281861
3382769693192355845
3382769047412211717
30000036298394
30028548726003
3242259509651505157
3372320684882395141
3382769818895777797
30028544018867
3242144354771206149
3242151676138553349
3382768821011873797
3382769209958268933
30000034319970
3242198387720519685
3242162941090922501
30028543394000
30028548723489
30000012091240
3242433676699303941
30028548721994
3382769548694519813
3305168579777724421
30000035821945
30028549696254
3242301046213115909
3382769814759866373
3028545331038
3242431010266939397
3382768032469942277
3242434392004165638
3243156101301665797
3382769151237947397
3243884074600169477
3382769882091028485
3242431439851749381
3382769544294301701
30028551377346
30000029243837
3243159631512993797
3333445452309004293
3382769962193780741
30028548800895
3242433969008738309
943419234526953472
3382769575353188357
30028546226544
30028544739590
30028545979066
3244398141961994245
3382769359632072709
3382769879503470597
3382769703141048325
30028548728980
3242434320675700741
30028547523176
3382769874256330757
3382769816194449413
30000037221829
3242285804078759941
3028548432478
3242796486537248773
3382769848020566021
3242433147440988165
30028548721737
3382768850275467269
30000034177580
3242446537504718853
3382769774826094597
3382768171037360133
3382769309811867653
30028541910055
3281969843651018757
3243521990523355141
30028548767679
30000034187812
3382769209043845125
30000037223071
30028541181586
30000026122053
3028546111105
3242434744883412997
3382420260143431685
30028541230466
30028539057606
3382769113870893061
3291469746634817541
3382768702006820869
30000034744768
3243505565016326149
3382769366736764933
3382767690517118981
30028548826935
3382426340688723973
3382769736234369029
3382768993934901253
30000037849367
3273355984979427333
30000033822592
3243520240332505093
3382769920682950661
30000035711951
3244609501111713797
3382769078806315013
3382768665344606213
3382769390040842245
3289257454849425413
3243160272608559109
30028546136291
3382769093948014597
3382769502309580805
30028542521307
3243212734308548613
3382768937831366661
3314687772269543429
30028548771671
3242435217149460485
3382768837860589573
3382764937400745989
30000036478586
3382769141108375557
30000034808473
3382769527185997829
3242796267003183109
3281968370125045765
30028547271144
3242434427253161989
30028539171901
3242793167680962565
30028540617755
3382768065240432645
30000035964779
30000037957620
30028549938218
30000033836274
3382769926068699141
3382768663469883397
3382769905478467589
3382768608318455813
3382767554810216453
30028548962944
3293665619209420805
3382769781797093381
3382769611063689221
3382768906759962629
30028539472802
30028548770596
3382769268795834373
3376553598424383493
3243518115011428357
30000036844909
3382663954146852869
3242415439282438149
3210318836747599877
3242164490999627781
3244361529857081349
3243165358973714437
3382768946463506437
30028540228338
3382471216185147397
3242148157931061253
3382768280890703877
3382769395090456581
3382769161950199813
3184533579905761285
3382769908334854149
3382769724398043141
30028541019936
3382769566918836229
3242434703045361669
3382689985457160197
30000034188530
3382768134006046725
3382769970213421061
3028547067137
30028539181911
3243151257661276165
3382769313616363525
951896189085679617
30028544415256
3237028076943114245
30028548772345
3382769508341055493
3382768540136374277
3028548228756
3379415935238144005
3243157828747395077
30028539080958
3382769065023766533
3382767689703489541
30028548723948
3242501054375919621
3382768765311385605
3242435274892378117
30028550435570
30028540275028
3242434746657538053
30000037313754
3382768876330614789
30000034520040
3242795345456070661
3382767350140764165
3382768367351955461
3242435180382257157
3382768998221217797
30000037541130
30028545412719
3382769888323960837
3382769589165228037
3028545459327
3382769837174489093
30000031458110
30000035890893
30000032957307
3382769477194285061
30028539476813
30000035797979
3242792966819807237
30028540716148
3382769754194313221
3243157948880650245
3242433076779483141
3242425767290470405
3242412971882315781
3242797174872997893
3342522762853154821
3382768611271376901
30028540277375
3242797461490761733
3242432181492645893
3242221421638254597
3382769829754503173
3244600359567228933
30028548440543
3028545291217
30028541897804
3382767843424337925
3382768797960175621
3382769621255979013
3382769967382528005
3382769752457609221
3382769836247351301
30000034195833
3382768722382618629
30028548752461
3244485249519779845
3231366337173651461
30000028747126
3242795214010646533
30000032897129
30000037702143
30028548727613
3382767355140308997
30028541193798
30028547818046
3242431290018496517
3382767719910408197
30028545166907
3382769234566119429
3242433873802166277
3186297589286633477
30000038571016
3243159846244450309
3242437761535967237
3242433279033016325
3243520630356049925
30000034165977
3382769830195101701
3382769089523154949
3243160453031133189
3028541084828
3244609546565255173
3243684139924914181
3242418860194529285
3382769938080661509
3382768641483341829
3382769946607878149
3382769956707958789
30028547264236
3382768312943050757
30028540085673
30028539503704
30000037229701
3242797569275920389
30000025255329
30028548080433
30028539437017
3242434672674406405
30028548670249
3382769786024886277
3242434355316719621
3199444594147262469
3242432400045309957
30028548729344
30028547559795
3382769719482187781
3329480280187797509
3382769903163146245
3382769659541192709
3382769758430691333
3382769480860041221
3382767817617178629
3243522491079524357
3382768524126650373
30028547009919
3382768995180544005
3382769829813157893
3382769238273556485
30000035854942
30000038222227
30028542472822
3244609531570814981
3382769197064585221
3382769600573407237
3382769674783686661
3382769487612608517
3382769483753652229
30028548092330
3028543861485
30000035189063
3382768803039477765
3280877097733259269
3244592414113136645
3382430450205065221
3242432393087025157
3243522611204259845
30028539246031
3242147285545189381
3382769044841037829
30000010888115
3382769559188209669
3200527183105425413
30028541623643
3211642833921966085
3382769724851159045
3382769654927458309
3243160011362271237
30028539055901
3382769566192631813
3028547295850
30028547823721
3243152863689310213
3382769226378510341
30028540344267
30000010815390
3382769972130480133
30028548723512
30000033683146
3382768828834185221
3382769079393320965
3382768932840669189
3242434760532623365
3233154480919150597
30028548772754
30028545723705
3242082764440993797
3382769535079743493
3382769458097618949
3244608049131421701
3382769448622358533
3242796469072429061
30028542612905
3382769581950631941
3217176163531161605
30000035444825
3242434259749175301
30028546486453
30028540216806
30028538692285
3382769928996061189
3242431286730358789
30028541430335
3382769071466479621
3281974059564138501
3382769880660705285
30028543545748
3382768709653299205
3243519699330269189
30028539101417
30000035140358
3382768335034384389
30028540987601
3382769444881235973
30028541875930
3382768712568406021
3382764917272608773
3244607997160259589
3242434961011638278
30028548772885
3382769809882218501
3379539273101279237
3242197465183354885
3382769153842806789
3382768107451645957
3382769152034471941
3382767800034197509
3382768120923750405
3256232735298551813
3243882392537661445
3242433607040237573
3382769423985016837
3242797094464061445
3242435402768646149
3382769140382892037
3244609380135731205
30028548772359
3243521610166960133
3242798386225807365
30028548827689
3242432740945821701
30028538555586
942685021792108545
30028550434841
3382769342267129861
3382769311208374277
3242414811235483653
30028540583671
3377242787885088773
3243884289566507013
3242795339944755205
30028547132854
30000034166163
3382769278337941509
3382723137118011397
3296105922025750533
3382769528188567557
30028546678498
3382769736393490437
3382769642344611845
30000035240001
3242786545864802309
30028548802704
3382769829238865925
30028542280075
3242797347896557573
3382355016628961285
30028542344513
3182391071955615749
3242431406599307269
3242429364073725957
3382769720237359109
30028548722123
3354637094202245125
30028548721629
30028545203634
3382769885383884805
3382769975766417413
3242795750721978373
3242434460757196805
30028547354784
3242443312374546437
30028546286874
3382768150561095685
3382769152177602565
3243159956944977925
3243161223252148229
30000036314533
3382769587143639045
3242446039078666245
30028549777479
30000035080290
3382769361800462341
3244608921589055493
3382768408993136645
30000033514700
30000038385533
3382769918225022981
3382769905776656389
3382769857420460037
3382769088243630085
30028545706507
3382769903595159557
30000035034625
3382758759216578565
3304086882898411525
30028539511337
3382741895945650181
3382761777219436549
3382769577240756229
3382768395785207813
3242434595885154309
3382769935195176965
30028544637351
3243522092217925637
30000032508785
3242801589117845509
3242797024016269317
3382769419245649925
3242437549685800965
3382767673454493701
30028540655137
30028549907659
3382768717924007941
3382769169344495621
30000034999371
30000032492678
3242435141253529605
3382768796672589829
30000037885450
3382768566040133637
3244608978438389765
3382411978997694469
3382769906137366533
3028545736720
3382769400316362757
3382769039954477061
3243524280231329797
3382769628289368069
30000032707050
3275403149390053381
3382767406952873989
3309184648464957445
3382759886854684677
30000031149018
3243884074629857285
3243155362668085253
3382769699718365189
3382768675918118917
3382768010856890373
30028545409846
30000032420700
3382769923803578373
947921975542546432
3242167845419286533
30000034915764
3382769865771057157
30028538504866
3242795438946975749
30028540989407
3242435678669897733
3382769544340832261
30028548390686
3382769556122501125
3382769280715849733
30028550308853
3382769942996713477
3028545360029
3382769624959156229
3382769129062858757
3243279831063986181
30000032665348
3382768131674013701
3242297890981085189
30028542584837
3242430570590699525
3382767939377364997
3254069746550112261
3339934404288970757
30028550888560
3382769914437566469
3243156964858986501
3382769202630688773
30028539378092
30028547966530
30028540367224
3382769126847741957
3242145536415432709
3382769316669816837
3382769172628635653
3243884702365581317
3382769782317187077
3242438997400420357
3382416772050845701
3382769120828850181
30028541629713
3242434362748960773
943312269817675777
30028545085781
3382769288404140037
3242434849048952837
30028539226829
3382768900351524869
3382769730215542789
3382769605179080709
3382769299472973829
3382769910054649861
3382768582607372293
3382768240897687557
3382769707209916421
30000036758470
3382769712372514821
30028546470678
3382649885528096773
30028548802349
30028545318191
3382768994802794501
30028539479052
30000033855745
3382769742387150853
3244607003684569093
3028541756065
30028541811085
3243592269534199813
3382695338429186053
3242433120861552645
3242437557600387077
3244609490604851205
3382768260229496837
3242435987718864901
30028538422077
3382769485779697669
3242435472511270917
30000037333378
30028550913082
3242306745358024709
30028539110847
3382768390856835077
3242434001602412549
30028548770842
3293669656231018501
30000035004589
3221820151932125189
3382769221375164421
3243354458158727173
3382768482120630277
3244501376476250117
30000028340974
942762428989440000
3028545282467
948993260045467648
3344751837336764421
3382769321354788869
30000037178318
3382768608700727301
30000035150891
3382769697298579461
3263831090363367429
3382768366328545285
30028548720422
30028545168513
3243167886004125701
3379055410037391365
30028540359592
30028540462041
3382769818467696645
30028548772048
3380504180864778245
3242794850578399237
3382769284751163397
3266399927659593733
3244608710216908805
3242428439099604997
30028540217155
30000036640313
3382769792928710661
3242797190291324933
30000035928239
3382769879339761669
3382769204274855941
3382769459393527813
3243055297211269125
3382767478851174405
30028544591305
30028538837461
3242690494595596293
3243109332275167237
3382769824667009029
3249751401490677765
3243149331204669445
3382769595733639173
3242428229565022213
30000032577040
3242431951225552901
30028547033022
3382769904836673541
30028547848062
3382769813451309061
30028544149333
30028542404576
3382768167124336645
3382769817398149125
3382769496756453381
3242793108986003461
30000035378954
3382769881952944133
30028539225230
3243170054979387397
3188934225372446725
3382769221437620229
30028551178083
30000037754607
3382407057519083525
30000036492939
3242442486759292933
30028539470317
3242797279289933829
3382769375943589893
3243884845332889605
3382769518029635589
3382769818295992325
3382769766504267781
3382769862206095365
3242431913564569605
3382768668909371397
3242793141559033861
30000031884455
3380162010001768453
30028544164202
3382769112234917893
30028541872758
3244609196592922629
30000008581041
3382767631725625349
3382767690064199685
3382769938764333061
3382769927255162885
3382763033141051397
3382444278531424261
3382769578892984325
3242434771416580101
30000028147230
30028548724131
3382768476399468549
3382768664304484357
30028543266198
30000038551909
3382767036733980677
3382769742333018117
3382769883516895237
3321530431227822085
30028548771585
3382769876969717765
3242797662410571781
30028545448938
3243522005979299845
3244606453311930373
3243882367015387141
3332081156152950789
30028548723146
3382769450216325125
30000025947430
3382769561990463493
3382769843474137093
30028540131941
3382768102921863174
3243520896984023045
3382768945398284293
937398669487898625
3257371427123494917
30028538961331
3382769984876969989
30028548723216
3382769251427221509
947821302788390913
3382412007141474309
3379884169813164037
3244609142960095237
3382767643444576261
3382767461545803781
30028550203680
3382768868592123909
3382768220417032197
3242431700527808517
3377966900501086213
3382769945777143813
30028540448924
3242434826991239173
3242797561495486469
30028545276709
30028548721860
3336424033003569157
30000035028043
3286998332540387333
3382769820082438149
3382769859840180229
3382768206395146245
3382769354342727685
3382769323837554693
3382769473738178565
3242796902779846661
3237438508359286789
30028548728705
3382769431052484613
3382769274588364805
3242424431010316293
3242431159928094725
30028541997484
3382768353480998917
3382769073294802949
3382769733533302789
3382409853677010949
3382769668403822597
3242432392705146885
3382768402043109381
3243522175554551813
3028545306210
30028544545340
3382768858370408453
30028541573427
3382769271451090949
30028548738114
30028540018830
3382769847597400069
30028548720440
3242188784584359941
3382766475963793413
30028539469974
3382769946901479429
3243521661035544581
3382769284188667909
3235976257244561413
3377283997597499397
30028539345834
3382769896116781061
30000034981773
3382769888886063109
3382769144216616965
3382767741721116677
3382769437457448965
3352645085044277253
3382768381646077957
3242434436044488709
3243883017648472069
3382769817175654405
30028548472382
3382769488908910597
3243880189236150277
3243547413868969989
3382769054852448261
3028548409959
3382768190360649733
30028539467528
3382769690973437957
30028548720612
3382769327281143813
3243522167858069509
3382769571821977605
30028548800920
30000038048154
3382769631729090565
3382768037322948613
3382769881960873989
30000035225422
30028545608855
3382769464820826117
3382768840750530565
3382768964435902469
3382769746271076357
3382768996816388101
30028549036043
30000032972134
3243159199185633285
3242435109779472389
3382769794317221893
3382769872448716805
3243520851266174981
3382768444304654341
3382769585985617925
3242434078601445381
30028547305048
30028540205636
3382769756769484805
30000032867240
30000034831724
30028547803808
30028547117368
3242433180005564421
3382769930350755845
3028546761692
30028545135180
3296158328994332677
3382769019985592325
3242431462404521989
3242434608094576645
30000029570947
30000010844324
30000035368824
3362899514021576709
3242521236838350853
3242425032909520901
3242432966926401541
3382768884392132613
3242437610045964293
3382769795160080389
3382769833327853573
30000037313259
30028549604457
3382767966464180229
3382769851216691205
3382768474516422661
3242436383606505477
3382764882946490373
3382769856044204037
3243043080785494021
3242431113937420293
3242428878008352773
3243693559370874885
3382769966740537349
3382769849614336005
3243883656717271045
30000038085756
30028539182671
3382769071776530437
3382768493411631109
3242432193039499269
3382769240153063429
3382767933300146181
3243159826363842565
3243516618470653957
30000037585683
3382769737865887749
3382763750899712005
3262024005740986373
3242435563511152645
30028539243928
3243462100114341893
942784356760420353
3379544109406224389
3362826690015723525
3242792883500351493
3243884200870019077
3382769512941748229
3382767839515705349
3382768962711977989
3243519656611086341
3382769954945957893
3382769124818092037
3242433056110084101
30028544292187
30028546717975
3382769952332972037
3382769137942200325
30000036372107
3242302250825547781
3242221813940158469
30000013112384
3242171314217746437
30028540653958
30028548226978
30028539509348
30028545462025
3224476419570532357
3382769925061869573
3382759930924826629
3382769639760723973
3242792923224408069
3242795692136202245
3245388921955745797
3242289463529308165
30028540056727
30028544637022
30028546752692
30028542900933
3243013001509732357
3382769802889986053
3382768807812595717
3382769308784394245
3243884727548051461
3243522408976416773
30000035186200
30028548827224
3382769285950472197
30028539594181
3382769246155177989
3382769937439064069
30028551339748
3382769563097235461
3242462263804493829
30028545810531
30028546366522
30028540205715
3242430150421905413
3382763326188224517
3382769813858418693
3382767885463846917
3382769717691285509
30028544406463
3243362389604499461
3382769489256513541
3382768646625624069
3242797545024520197
3242434717893132293
30028539496071
3242433811407568901
3382769718698049541
30028539476097
3382769238827728901
3382769628902129669
3242798409965436933
3243521164664307717
3242796701340139525
3242795433217490949
3382768121447841797
3243148080777461765
30000035830639
3382768679005650949
30000037334009
30000013573014
3382769911908139013
3382769762280931333
3355228888803901445
3382769410680684549
3382769908405960709
3382769393697751045
30028539118032
3382768572587573253
3382769116223766533
3377250197979070469
3349408353805008901
3242794367860146181
3382769414120341509
3382769828756127749
3382769918518362117
3242434547411386373
3382769084933996549
3242279737366347781
3382769843079610373
3242795909292097541
3244246965781856261
3242439995304771589
30028550156325
3242800372132216837
30000033340799
30000036886054
3382767751447642117
3382767410023170053
3242796644088152069
30028543850368
3382769773122945029
3242979540598063109
3243159525531516933
3382769330284199941
30028540237335
30000032875752
3382768513649016837
3243521967144173573
30000036815639
3382769744232710149
3244580774801702917
3382769872821616645
3382768615457292293
3382759646756143109
3382769388811714565
3382768735087689733
30028547638669
3382768217271435269
3243882142695620613
3382767614801412101
3382411652269998085
3382769856644251653
3382769889774796805
3382769281302921221
3242429329223254021
30028541210627
3243137682305056773
3242432646108479493
3382769161778298885
3382769434328301573
3242947932331114501
3243338560157515781
3382769918229544965
3382769851741372421
3382638843301396485
3377670398243569669
3243158897861984261
3242373369750618117
3223427239829700613
30028539402737
3242422013983981573
3382769340413575173
3382768531764084741
30028539208235
30000035323580
30028540366240
3382769180128051205
3382769737689792517
30028543706832
3242432433800871941
3382769735432929285
3382767651132735493
30000032985838
3382769855407063045
30000035727616
3242434433800339461
3382768789445738501
30028540225777
3382768933050384389
30028541398418
3382767960357208069
3382768904998748165
3242433642620583941
30000035884199
3382769806098628613
3243871414227959813
3382769699966222341
30028539608794
3382403401289170949
3382768133464784901
3382746780535554053
30028539225528
3382693279298289669
30028547632677
3382769602808905733
3382768008558411781
3382768887449649157
3382769194845732869
3246065261319225349
30000037476245
3361322045833084933
3382764184003346437
3242322194900779013
3242799364622450693
30028541518025
3382769682039635973
30000033212009
30028539471897
3242301053792223237
30028539277184
30000029791231
3382769474123464709
3379419893667266565
30028538515703
3382768955741175813
30028546103651
3382768465020190725
30028548611877
3287025243895037957
30028548827665
30028544840864
3382769738272931845
3242434005855567877
30028539019250
30000035251699
3382769473880195077
3354167178277945349
3242434181663948805
3382769991574945797
30000038275055
30028542588147
3243192919732387845
3242245856403652613
3242433951837192197
3382769637169168389
3382769922566127621
3315692697942294533
3273036857685180421
30028538921151
3244608903825981445
30028539019396
30000035230226
3382695905943224325
3382769790013800453
30000035141739
3382768446686756869
3242797700213637125
30000035351838
3382769184049856517
3382769143394336773
3242217332863074309
3243158304456769541
30028550435308
30000029896604
3242793155605430277
3382767532366757893
3242794427951742981
3242439496119877637
30028540302807
30028539329940
3382768620092260357
3243409691492614149
3242432095672926213
3190621598406475781
3382768450831319045
3382768173528973317
3242423477959655429
3382769884888694789
3382769226676305925
30000012966787
30028546280599
3243521747345997829
3377605438754783237
3382767882196549637
30000037732956
30028548827612
30028544332465
30028548826909
3382765974891724805
3243883997856727045
30000027879231
3382769319052181509
3229403924223819781
3242179207151353861
30028545616423
3382769834452189189
3382769646832779269
30028539367531
3028546080966
3382769554314428421
3382768253514219525
3379419799899537413
30028541624730
30028539533182
3242433683774832645
30028541622827
3242596600696668165
30000036186981
3382769658903789573
30028544273701
3244385401033785349
3243881701374754821
3382769156594204677
30000028398042
30028539054261
3242801499682570245
3382769359627419653
30000037255575
30000035299239
30028545861570
3244608992636502021
3382769039988293637
3382768481487224837
30000037812646
3382769431945936901
3382769648082812933
30028548721280
3242436556650971141
3382722486523265029
3382769874516377605
30028548230609
3260303207485407237
3382769514644897797
3382769672136556549
3242793698616868869
30028539172766
3382769150184849413
3382769954522267653
30028538889869
30000034251476
30000033514262
3377243145638313989
3242795204623663109
3243159616007307269
30028548726196
3242439938765488133
30028541632794
30028547843731
30000034188528
3382769547343953925
30028540309128
3242433342119542789
30000034695520
3377244149046116357
3382768723003768837
30000035731896
3382769615514042373
3382768984439062533
3382769732132470789
3243158357963571205
3382769486375157765
30000035901905
30000010909799
3028548200855
3382769215125389317
30000037226179
3245824085672525829
3382769570890842117
3243744031466586117
3382379040498974725
30028550716654
30028548828364
30028551154858
3243691288759435269
3340425827858055173
3243521200337387525
30028548773116
30000033716618
3254187843323691013
3244609496829657093
3242793268180615173
3382769709004488709
3382768966848151557
3243881258955636741
3231603947145986053
3242793106352111621
3252337067118559237
3382769911111614469
3243162372994170885
30000027537864
3243883823474475013
30000033043715
3382769646039859205
3243519155492552709
30028548722402
30028546364862
3382769638657949701
3382769633104756741
30000037893992
3382769956825530373
30028543179963
3382768248833507333
30000032088395
3382768749784203269
3231698911188418565
3242438449217404933
3382769945878331397
3382768465490149381
3243521321753509893
3229057446422970373
30028550410920
3382767913339584517
3382769896070709253
30028548827546
942569907566936064
3244837552584458245
3382769489957224453
3382768330022649861
30000035866474
3243745002435379205
3243157915698724869
3382769387293573125
30028547487831
3382769853540401157
30028545373712
944282376911978497
30028539072097
3382769149950361605
3382769645113180165
3382768794658930693
30000031683171
3235986948890492933
3382761558406594565
30000029792070
30000033258305
3282387530403217413
3242434812701245445
30028539046013
3382768497865850885
30028540431550
30028548301641
30000035047555
30028539071344
944604173968605184
3382769741993017349
30028540307546
30028541321958
30000030552770
3382768537653018629
30000034186089
3200250537143959557
3267434483355942917
30000035028411
3382769309233250309
30000037313963
3382769800847491077
3382767849787228165
30000038425633
3382769494088351749
3382769675190468613
3242234432654409733
3243520595606503429
3243150857087614981
3357828910699905029
3242434641162469381
3382768359844085765
3382769252962533381
3382769207969972229
3382768677793366021
3316362470955483141
3302269176473780229
3242431841435451397
3243568605715496965
3382759434062790661
3382767717196824581
3382769153850933253
3242432478374068229
30028543967512
3242797209727467525
3382769699949576197
3382769408793182213
3242791210128113669
30028539057135
3242428418715484165
30000034965814
30028540432479
3243516325020368901
3382769504633225221
3243161402906705925
3243158125183565829
30028548774388
3382767912328626181
3242799224146886661
30028540423140
3244315346958745605
3382767674213924869
3242434553719554053
30028543062999
3382769070472232965
3243159867573272581
3382769445716033541
30000036835775
3382769282821849093
3382768863735250949
30028547559480
3382761313077559301
3242433510655197189
30000035491582
3382768263744061445
3188172235888590853
3382769851296645125
30000035178239
3243160015585542149
3242434040861032453
3244609152812122117
30028548827732
3243521274983350277
30000031128611
30000037696486
30028543197079
30028549728970
3382767764336476165
3382769303356637189
3382769216937132037
3243158930318032901
30028548453643
3382769572887134213
3382769635399172101
30028540206151
3382769969462902789
3382769466880360453
30028551142908
3382768625771216901
3382769609486696453
3382769932796362757
3382769865905209349
30028544188994
3382768824195612677
3207659841331068933
3382769956426612741
3382769744857726981
30000036110916
3028549197576
3382767998374576133
3360329282521726981
30028548727287
3382767949334839301
3382768888536170501
3242793853802250245
3242432784121724933
3382399800328650757
30028547342734
3382767970662875141
30028550318865
30000034171483
30000035012164
3242798993716019205
30028547254835
30000035012301
30000038009953
3382767685387288581
3382769790584029189
30028539122982
3242797042643435525
3382769926735200261
3231579373050134533
3243158817772535813
30028540205777
3242799981378469893
3382767862638903301
3291772140300009477
3382759467164237829
30028538915283
3382769654697033733
3382769849660669957
30000035010025
3242432791474470917
3242434130266816517
3028548134589
30000036375719
3382769888877805573
3261068291354787845
30028545409845
3244463466091642885
3382769670639255557
3295012764415950853
3237390429719429125
3382769681544511493
3382768421248565253
3382768740007084037
3202728962044002309
30028540239853
30028545443685
3382769675911626757
3242433361207885829
3382769932800491525
3382769888672022533
3243018036658438149
3243156716622708742
30028550715893
30028545767025
3242794520151130117
3244292919977967621
3380222680076320773
30028544949247
3382769646991769605
3382768161151123461
3243159965715660805
3242175021256867845
30000033490822
3242434574426832901
30000037913138
30028549859202
30000037779663
3382769475214114821
3242796992794001413
30028544524631
3382769726264573957
3382768073595355141
30000038028125
3382769470348918789
3242795271669874693
3382768057812123653
3382769690037977093
3382768616140832773
3382769141469544453
3382769570424881157
3223342580869627909
3382769744157147141
3382769936067919877
30000032703304
30000011400276
3182328971572871173
3244609336459722757
3382769508714086405
30028539212063
3382767698318655493
3382769015593762821
30028544461847
3382769097013592069
3382768733401120773
3382768310112157701
3382769774440349701
3242435159536697349
949007131774812160
3242796902046105605
30028544538220
3382768600358256645
30028541623775
30028550523500
3242416129375272965
30028542620540
3382769605103714309
3382768918307078149
3242798768351936517
3382769533007429637
3382769445329698821
3382758942335762437
3382769255009353733
3267827249273896965
30000034640924
3242433876150779909
3382769854085529605
3244607363883335685
3382769630470864901
3243883636618625029
30000010920758
3382769604910514181
3376639358879989765
3243521513807020037
30000032629936
3323388093368303621
3242795705704579077
30000034193654
3382769002155540485
30000036591586
3382769041556701189
3382769588376698885
3244608442422984709
3382769356209324037
3382769664515899397
3382769236143243269
3197422378429972485
3250058817486979077
3382769894070288389
3382769933265993733
3382769412656201733
3276229621063811077
3382769936558194693
3382769904085762053
3242433776808755205
3382768817862148101
30028542567607
3244428078865514501
3382769583896788997
3243161000315584517
947661307509735424
30028539391537
3382769565093855237
3242216212421935109
30028544008434
3243155462492389381
3206978288245800965
3243746700133990405
3382769823286886405
30028548828808
3242433175945216005
3243159926289006597
3271265523225722885
30028539515445
3382769667267166213
3242435208958115845
3382759722756734981
30000035213455
3242432367103311877
3242561590018965509
3382769159807107077
30028546364578
3243158853268865029
30000037365078
3382549240880103429
3242435531374395397
30000030940759
3242432427144708101
30000029111233
3382768379842723845
3243885135708487685
3382768310040526853
3243882534120456197
3242796991753748485
3244587051346690053
3382769658853195781
30028539285562
3242434465593294853
3382768643177644037
3382769813253980165
30000032647876
30028539032047
30028539209805
30028538638297
30000028168055
3382767827536248837
3242797565635395589
30028547819587
3242796749302136837
3260665349497618437
3382769603987701765
3283420307756220421
30000037741409
3243522547510149125
30028548018789
3382769919525519365
3382769819193442309
3382769352501362693
3382769212357476357
3382760169756491781
3382768913584422917
3382768173906132997
3382769644076793861
3382769355680514053
3242796524885639173
30028548790138
3367866793470197765
30028547841187
30000014027995
30028544913356
3242530206928142341
30028548773379
3382769677585481733
3242428361706569733
3243515555889872901
3243518261291515909
30028540234794
30028540430853
3382769650498404357
3382768639427805189
30000033529632
3382769496848400389
3382768947340443653
3242432189797498885
3382769496789680133
3382769477328502789
3028547110785
30000035004363
3382333393050009605
3242798534108381189
3382767592676392965
3226674421949136901
944682494572101633
30000033452993
30000030987035
3242457168085581829
30028545868804
3382769431287037957
3243520027332902917
3382769483909103621
3382768139513036805
3382769715107790853
3382769795986489349
30000035740176
3382769077221195781
30028539298909
300028540093233
3382769492146651141
30028549647337
3244298756863754245
30028538532208
3382769478536265733
3382769816668274693
30028548965587
3382757698057338885
3298994297733251077
30000036559680
3242433754499121157
3382768432422518789
3382769728835354629
3382769948860284933
3257752933943738373
3382769465366282245
3382769744496820229
3382769856816480261
30028539367143
3242373641537257477
3243150254102544389
3382767487164678149
3243522273336426501
30000013622234
3382768525921353733
30028539012257
3243159849537503238
3382765176497569797
30000035149548
30028540099873
3242437055324422149
3382768418350301189
3382769869981876229
3328688764351545349
3382767827733839877
3243159408375889925
3242429103372763141
3382769812218249221
300028540105719
3382768810471718917
30028538962388
3242790355882541061
30028548723454
3242438382787952645
3382769225107832837
30028550689356
3382767496748662789
3382769671616462853
3382764893117546501
3382769240802721797
30028543390845
3244604149792047109
3382768978805587973
3382768461702496261
3382769890442280965
3382769191771832325
3382768334921269253
3243158047106269189
3382769252178001925
3382768299622465541
30028543533339
30028548772959
3243158427505197061
3242288347957755909
3354489902678474757
3266907830237593605
30028539271817
3382769825015332869
30028539040459
3244608570533675013
3243519349780709381
3382769799228489733
3242433545811722245
30028550917912
3382769810578079749
3382769826630139909
3242434995665240069
3382769600237797381
3242431092655652869
3243884353928560645
3242432424691105797
30000038285994
30000012960787
30028539321518
3246089027118039045
30028538799621
3243883863919886341
3243881376899399685
3242434255672377349
3242194491388133381
3242794958544044037
3382767691808768005
3382769780337410053
3244304874759192581
30000036696957
30028542344056
30028547126667
30028542962521
3382769897073410053
3244610037286174725
3242433602984345605
3293967956792377349
3382769934863695877
30000033198008
3382769075475841029
941678173869834240
3382768727898390533
30028544671021
3382769869835468805
3382769704181563397
3257322061855719429
3243884117109637125
3243522973886251013
3382769738637705221
3243044348051849221
3382768717496385541
3382769562674200581
3244608765720068101
3382768910287568901
30000028416174
3321211824329457669
3242997407440502789
3382769822603345925
3382768525904969733
30000036317866
3242215813761728517
3382759859524927493
3242434862659534853
3243685922856566789
30028539995807
3242235020649955333
30000029839934
30028544261946
3273729162821828613
3028547995766
3382768808902656005
30000035414152
30028548773866
3237131183756804101
3375182396644720645
3382660478901682181
3382769655112138757
947646198007726081
3368930572597592069
3242434356931264517
30028548771262
3382769838822719493
30000028303647
3243159947184963589
30000035861069
3243884062662983685
3200073058106146821
3382769957617991685
30028546746361
30000035062696
3382686060574015493
3243520480082919429
3242796732189245445
3382768556506677253
3382769358750941189
3242280752777920517
3243882353841012741
3382769036594905093
3382769575953301509
30028546300294
3382769949648617477
3382768549011390469
3187109321953771525
3242432434409242629
3242620709518442501
3242471229061857285
3382768734038917125
30028539396028
3382767585332297733
30028542014852
3243884855423991813
30000037328186
3382768583501086725
30028546500746
3243158505711861765
3243523090080595973
3242491574607282181
3382769853158981637
949677089160691713
3382769082552090629
3242297880042340357
3215291910706823173
30028548722492
3382769945773342725
3242434478981382149
3382767914157408261
3382769741975912453
3382769378858434565
3382769818409238533
3382768651696537605
3242796507982921733
3242795328901087237
3242434260835696645
3382768995381411845
3382769789644636165
3382731279151267845
3258135873740079109
3382769770182868997
3382769924042326021
3243516395870683141
30028548722655
3382769728768573445
3382769871202484229
3382769856980123653
3382769161773907973
3382767662692171781
3382769146850574341
3382769783726211077
3382768154247299077
30000034163591
30000035552143
3382769738633445381
3244597280272613381
3382768598289874949
3028538948969
3382769055507021829
3242433533216161797
3243576659719225349
30028540386699
3379412206120271877
30028547619417
3243885246111416325
3209892016218832901
30000035065548
3379937483980144645
3365677473002553349
3242431111119044613
3382769444260020229
30000037314175
3028545282342
3242792747772346373
3382769734346735621
3382769901778960389
3382768618280255493
3382748896361119749
3382768550852755461
30028542893097
3382769593120522245
3382768734105763845
30028551083579
30000038354583
3382769785752322053
30028544742742
3243159486901780485
3242171376696229893
3196946307242786821
30000025599941
3382768054825713669
3183108974757871621
3382769320432107525
30028544930375
3382769950869094405
3382768789646606341
3382768621862387717
30028544914925
3242434739875610629
3382769744882630661
30000032524982
3028545265217
3242434193215258629
3382769751774003205
30000033260647
3382764821596143621
3268200850674483205
3382769869248331781
3382768140947357701
3382498334876762117
3243924690117591045
3382769601077051397
3242796904705425413
3382768694746284037
3382768327610728453
3242340792180211717
3243523574921494533
30000037706334
3242797559347937285
30028548724575
30028539111619
30000035887586
3191102859155406853
3382768754943328261
3382769091351871493
3382769230799568901
3242438984326643717
30000036563924
3382768938196795397
3382768965601918981
30028539456794
3028547221237
3382769434906984453
3242255843951443973
30000034732982
3382769742869757957
3242435221759131653
30028539710066
943296593807802368
3382769954241249285
3382769010535497733
3382769177058213893
30028545759738
3382769877779546117
3243159795762200581
30028548721301
3242796505034194949
3242795150550827013
3382769233341448197
30028541623079
30028543812329
30028549637962
30028547621908
3198593715089571845
3382767487164219397
3382768568099274757
3264933926258343941
3382768690401181701
3237163167090671621
3382769177678446597
3243159676433858565
3382768946778341381
3382769338857684997
3382768536923013125
3382769905788715013
3382358475277008901
30000036404201
3382768711918026757
3382769324063850501
3382747623461158917
3382769847878221829
3382769775769747461
30000034195506
30000035909451
3028546240543
3242611453322854405
947826269213425664
3216706355358072837
3382767896067047429
3382769641283584005
30028547704298
3195010359017799685
3242796213299576837
3382769895395229701
30028540205663
30000036102862
3242515918238646277
3243884615610662917
3242379616772161541
3382769636258480133
3382769233467342853
30028539419535
3382769399867703301
3382759996267626501
3382769230044463109
30028549389289
30000034508434
30028549952516
3382768123755298821
30028540303385
3242797259610587141
3382768195947593733
3382769678818148357
30000034185495
3332436680387854341
3382748687543500805
3242274426068926469
30028545078233
30028548722662
3243521998965768197
3382769781154906117
3382769234037637125
3382768498474418181
3243357931218403333
30028549080895
3382769123937419269
3230238483568263173
3242428973361856517
3382767984696950789
3242944386068185093
30028550711912
3244971855112503301
30028540217394
30028544744550
30000034199277
30028539876117
3382769862361022469
3242092629871624197
3243157186322366469
3382768767626838021
3382769951737315333
3382768594851004422
3242434456462163973
3382769810477613061
3382769767221821445
3243522344648441861
948247422826446849
3382769985267040261
3382769941864185861
3382769864005058565
3242434386123620357
3382694709874786309
3382769714511872005
3242799802268909573
30028548333643
30000025958476
3382769857349025797
3323012206097596421
3382769341122609157
3382769262319697925
30000032944529
30028539524309
3382768797238820869
3272649513950117893
3382769771831558149
3243522124379652101
3382769468327395333
30028540348957
3242796973059801093
30000035306130
3182664275618365445
30028548852227
3247274094108606469
30028547770350
3194022731766169605
30000013332700
3382769288660189189
3242531775941443589
3243159355888762885
3243918014425530373
30028540336091
3382769841331109893
3382759493941198853
30000035876683
3382769010120327173
30028538566127
30028539469388
3382767825145692165
3243884726986670085
30000036827391
30028538837244
3382769914923843589
30028546210529
30028543883040
3382769857781235717
30000027780683
30000037782321
30028544377359
3382769278060920837
3242794052867850245
3242798446112079877
931961343290900480
3382769740894240773
3190100900411998213
30000033752019
3242435180302565381
3382769796288544773
3382768510423924741
30028541851803
3382769872188473349
3382769229981876229
3382769332121567237
3242798453045133317
3242796356756963333
30000028355986
3382678447224520709
30028541622947
3382768212946845701
3382769680781213701
3382769846099574789
3243884471809474565
3242435236007313413
3242433525658091525
30028539181909
3244608437256192005
3382769821831266309
3382769389922942981
30000035865837
3382769498048102405
3382769674196090885
3382769373557096453
3243159690380050437
3382767395179134981
3321941390194704389
30028539477955
3242434255953395717
3242434208389922821
3382768395713708037
3382409218700869637
3242438024606908421
30028538580077
3242632328487174149
30028540306050
30028540637425
30028548646738
3382769445044682757
3382769111110778885
30000032592499
3382767972432740357
3382769932938379269
3242219077244616709
3242435214834466821
3244390869281931269
30000033138041
30000035277051
3382769932196118533
3243159788510511109
3382769860863852549
3244608417647755269
3242797567031967749
3367220655276818437
3242434992091693061
3237377871713009669
3242489314229944325
3382769527257235461
3242795958155542533
3242434924135579653
3217090900360495109
3243522297952534533
3382768517134548997
3382767779201548293
30000035025595
30028548723295
3382769505916551173
3242430878364205061
30028539443272
30028545204192
3281346540183945221
3242432393141551109
3382768296220819461
3242431303255851013
3028545266191
30028543672731
3244609224589770757
3242434217327984645
3242434937657819141
3242433828646354949
30000037568992
3311030555217035269
3242485039487516677
3382769550614986757
3382769604071981061
3028548231136
3382769528209473541
30000035920617
30028539469026
3382768616057143301
3382769782530768901
3379412668328378373
3307806414200504325
30028541949399
3244609470514528261
3317594195614302213
3242175616726597637
3242794983156154373
3274068761288900613
3382768301635338245
3382399655515717637
3382768402856804357
30028548770925
3382769273745047557
3243159160979587077
3377232987432550405
3382768446892539909
3382769495082401797
3382769993319907333
30028546365653
3242403477148139525
30000035797766
3382769257987244037
3243882991886794757
3382769949384507397
3382769619141918725
3382769320935161861
3263182508484722693
30028539085051
3382767815272497157
3242267952265363461
3382769759755829253
3382769573117689861
30028541925469
30028550107036
30028540612109
3382769984092372997
3382769727170543621
30028543278532
3243159662756954117
3382769011945177093
30028545261868
3242439129663537157
3244606983450984453
3382767558472040453
3244702092058886149
3382769131080187909
30000025916838
3382769914911522821
30028548721934
3028547905376
3382769917310926853
3382769577714909189
3242433612777783301
3242434665787162629
3382758441556508677
3382769865548955653
3382769920556924933
30000028431780
3243415559462977541
30000038322492
3382768456388509701
3382769992514404357
30028548670359
3242795833987629061
3242151757503791109
3297998489344802821
3382768378848149509
3221169960942370821
30000029205538
3382768314033635333
3382769100151521285
30028539223473
3244582827443945477
30000034162305
3382769878819340293
3382769976785960965
30028539244128
3242793781026816005
3243880750748729349
30000037045713
3382769275770699781
3382767595620728837
30000033853367
3242431285283061765
3242797232422846469
3382768985805946885
30028547417565
30000037750704
3242140475815952389
3242797232804724741
3372585352045789189
3382767590453673989
30028548131471
3382418838630891525
30000028745131
3243158584946720773
3242161094821281797
30000037252421
3244020504655822853
3382769149878599685
30028539965160
3382405784190713861
3243160684862308357
30000025678239
30000025582775
3382769287422672901
3382769459666026501
3382769651496648709
3382769496047616005
3382769494277488645
3242428869997494277
3382769161073328133
3382769557749563397
30028541897933
3382768599037050885
30028538655200
3382769743628468229
3242430331079032837
3382768526542503941
3382769782904258565
30028539419215
3382769991478280197
3245094272871301125
3242461328080109573
3382769853225959429
3382769791968346117
3243159908929175557
3382769490397822981
3242427161627983877
3382769799895121925
30028539271234
3242798622088167429
3382769989402165253
3382769693821370373
3382525088933019653
3382768539070758917
3382768321059422213
3365030694225510405
30028548752449
3382768946928943109
3243703487762399237
3382769863266992133
3382769960406876165
3382769671780302853
3242434929244307461
3382766572848218117
3382769537403453445
30028539182393
30028549085164
3382769769012789253
3242796896773734405
3243522621069328389
3382767458605334533
30028542465497
3382769790344888325
3382769708820332549
3244608120963727365
3243522298363772933
3382768967141425157
3382769954111619077
3277717889026555909
3347666939383709701
3379417554155732997
30028548803099
3382768677311086597
3382769458965446661
3377243104110575621
3242428686236712965
3382769959253901317
30000032748602
30028540787432
3382768413061087237
3028545989564
3382769766718636037
30028545442322
3382769914777042949
3382769618017714181
3382768660235812869
3196175645016391685
3242796957352132613
3382769156111794181
30028545537676
30000011195108
3243335629806829573
30028542415262
3382769860817453061
3382769762591440901
30028544918798
3382768822651584517
30028541665431
30000034825195
3242431598069284869
30028538504804
3382768853119401989
3242432666207453189
30000033205114
30000034210354
30028540894366
3244565631803719685
3242434699862016005
30000032543256
3382767417920978949
3382769911212212229
30028548499557
3243883038078599173
3382769837916946437
3243159864058183685
3243883678661804037
3242383416018665477
30028541021514
3382769632047529989
3382769762150776837
3243522124090834949
30028548724579
3382769606000902149
30028541687539
30028544421612
30028539530961
30028541182013
30028550454148
3028545217088
3382769764277223429
3382769323917115397
3294352088379031557
30028547143340
30000010908149
3382769218439282693
3382768909985775621
3244464584775237637
3382769794413494277
3197893527538368517
3382749537930051589
951450451314737153
30028539019902
30000033386822
3242962138082443269
3382769325871988741
3242434038763880453
3382769777535549445
3217148950291218437
3382769808585654277
3382768767404670981
3242439616559185925
30028538565185
3243158814517624837
3382769592168218629
3382767968964378629
30000037417003
3243883199588466693
3382769726499389445
3382769927708606469
3351168232626651141
3382768814607499269
30028550359669
30028538340658
30028539368159
30000037333999
30000033094184
30028548723429
3377241453413007365
3382767768039981061
3382769852429238277
3382768695635869701
3243521670745161733
30000036207195
3382769896939192325
3382769914072989701
3382769795596353541
3242448456524627973
3382768955158167557
30028551058911
3382767987268386821
3382769882435092485
3243158858100834309
3382769639383236613
3028545725380
3251151552918847493
3244573750387081221
3382768688912334853
3382769508915609605
30028540411146
3182388653813334021
3382769869583679493
30028539344963
30000033972216
30028548829713
3242435420363620357
3382769762289188869
30028541384952
3382410253486391301
3382769761224032261
30028547003133
3243884282394509317
3382769806769913861
3242435060299399173
30000035789467
3247505901358153733
3382769515588747269
3357331012275011589
3212075098636288005
3382769158699483141
3382517704264712197
30028543784000
3382769641774383109
30028540432834
3382769853238214661
3382768998091456517
3363897254075432965
3382769939259785221
3382768916822425605
3382769548145065989
30028540953564
3242432342411182085
30000035748993
934064921908346880
3382769514993090565
3382769797139726341
30000034516532
30028546712538
3382769737362636805
30028549077168
3243884360429273093
3382769621226487813
3382769180841213957
3242290374205177861
30000037334611
3382768496905682949
30000036916669
3382769902676738053
30028547071727
30028539281906
3245764355704815621
950726594060615680
3382769852428779525
3347554425278758917
3242767878363873285
30028541363325
30028550336513
30000035838959
3382768766158766085
3244609545701425157
30028544094151
3242796951777968133
3242433696194297861
3382768245238792197
30028539208273
3382769745243734021
3382769199724167173
3242433611100192773
3382652874401972229
3242792492314263557
30000035896407
3382769851082866693
3214558994674417669
3243159657098379269
3382768916377567237
30000029702712
3382768019547750405
3382768264260222981
3382425365152333829
3382769915163049989
3382769393358405637
3382767976815788037
3200759886576746501
30028540224779
3382769938353750021
3345434338891792389
3242439754237345797
30028539207385
3382769931915362309
30028542096941
3232683934154424325
30028548853765
30028541742927
3242434457783369733
30028538544650
3242433960858877957
3382768051042844677
30000034273582
3382769861862227973
30028548726208
30028548449994
3382769009122476037
3210237268695842821
3382769278723948549
3382769125409357829
3242267773588144133
3368923715128590341
3382769827728785413
3382768008709210117
3228807996316188677
3382769988601184261
30000033877760
3382761549996949509
3382769870586249221
3382768411874492421
947940223214419969
30028545595929
3321839323992227845
3382768655181938693
3242430005521219589
3382769488124641285
30028539964701
3382769172213727237
3382768082537676805
3382767539895599109
3242435807514787845
3242433432129437701
3382769639735754757
3209566146627174405
3242428246081994757
3243159850565107717
3382769128454160389
30000025514918
30028539428283
3243114615809638405
3269635880093548549
3380142494769414149
30000038275651
3382769912512380933
3382768966000312325
30028542047251
30028547304425
30028545286990
3382769234419449861
3382769714008293381
3382769788013117445
3382769497833996293
3242433776896966661
3382769524996374533
3382769953121566725
3242293002951720965
3242795673257705477
3359981700314497029
3382767732661616645
3241023063154425861
30000036322960
3242774497214332933
30028546812607
3242137908637663237
3377737283651829765
3382769802676142085
30028548586509
3382768710559006725
3245498744139677701
3272918230533144581
30000033570629
3243521525710323717
3382769835940970501
3382768795951104005
3382407171016425477
3382769972071432197
30028548197412
3242566421051932677
30000036110817
30028545577339
3382769567308382213
3382769650381094917
30028547578656
3242432236387893253
3382769876491567109
3382768887533338629
3242153106664390661
3244249964948946949
3242437146651066373
3244609189843894277
30000033518276
30000037578713
3325211967781601285
3243360517179047941
3281985869214253061
3382769703728119813
30000032882750
30028539490735
3382769457115955205
3382768729186238469
3382768723158958085
3382768550839975941
3242946096056631301
30028539527816
3299368208396451845
30028550229587
3382768614753107973
3382769479001636869
30028542886485
30028548772271
3382769886000250885
3242796413778919429
30028543896201
3244609500314599429
3242797282071019525
3242797634556067845
3264995226489454597
3382768761629179909
3244371899539914757
3380618093962985477
3382768535073587205
3242434852639408133
3382400251644215301
3216734121721921541
30028550389597
30028540206104
3382769845608906757
3382769944913641477
3242432497776787461
3274109833868476421
3242261747363020805
3382768436801175557
30028540204939
3242431031934582789
3382768773591203845
3382769501692952581
30028541138506
30000033347145
30000028555124
30028541896128
30000035766846
3242434433095696389
3244400624981639173
3382769814973579269
3382670304209993733
30028541686749
3382769943420141573
3242797344637386757
3382767395137388549
30028551070691
3382350718755340293
3382383417100533765
3382769067649662981
3382769441865531397
3382769771114070021
3382769844032241669
30028539508060
3242432749816512517
30028539047193
30028538704387
3382769127234076677
3382417289053601797
3243521721202245637
30028539345058
3242434962005819397
30028550878431
30028543725161
30028546680130
3382769980464562181
30000036101592
3377243448450416645
3242798623732203525
3382769727392645125
3382769858556657669
3382769722879705093
30028544973562
30028550874511
30028548772269
3382769516133941253
30028545409892
3243737601363279877
3258546195055640581
3235205544413757445
30000034254957
3382769519120285701
3242797500934127621
3242587479838687237
3242796583693975557
30028548980799
3242434185569042437
30028548724791
30028543487962
30028541622800
3382769884859465733
3377240208811819013
3382769760116342789
30028545209832
3382769549847494661
3242147839029739525
3382769903901278213
3028544899140
3242797539232317445
3382769445988204549
3382769145755992069
3243519696779935749
30000035001083
30028549968268
3244608607762907141
30028547270884
3382768755995705349
3242921218897346565
3382768729852608517
30000035824350
3258055088936714245
30028544402344
3382769712129638405
3242434873208406021
30028548723983
3242433671443644421
3382768556347293701
3382769692164816901
3382769748712292357
3242450634383622149
3382768394388504581
3242161482794336261
3382769946922647557
3382769997019021317
3382769413033820165
3242904335183708165
3242434083651649541
30000036018442
3382769294313979909
3243158806439002117
3382768758156361733
30000038407775
3244608836197023749
3242796977363353605
3382769629308518405
30028540520172
3242796235705417733
3377242838334504965
30000032007467
30028539032791
3382769746762203141
3382769863518978053
3382410607678521349
3382769826500050949
3243159845003591685
30000036902045
3382769967256436741
3382769470826807301
30000034187327
3242184675181527045
3244375538413535237
3242796843246288901
3028546081342
30000037329004
3382769075799064581
3244602541142441989
3242431068022571013
30028542708043
30028547447335
30028545409878
3382769278488739845
30028548726509
3382769859785654277
3382769908414545925
3382768274582405125
30000034430789
3243521248823476229
30028538468456
3382768695757373445
30000035893410
3382769411540516869
3242431814201704453
30028543626863
3382768654972026885
30000028400059
3243353985095827461
30028544721601
30000034426170
3242875433438412805
3382764832492814341
3382769497104515078
3242793560037392389
30028541623927
3382769549746831365
3382770001020452869
3375565299052445701
3243382382215823365
3382769988441997317
3382769740487393285
3244468430130053125
3382769933773438981
3382769730491908101
30028542524754
30000036218010
3243877272101453829
3242781992151089157
3382769759277416453
3382768053005320197
3243159589481873413
3382768972099026949
3287045039042789381
3243159669857910789
3382769521196728325
3382769799069237253
30000029263577
30000032659386
3377219186138218501
30000032910331
3382769949590028293
3382768833133150213
3246910326103146501
3382769649663934469
30028539428888
3382767807655444485
3304185876387397637
3195384440850612229
3377242551506698245
30028538962348
3242796757376303109
3382769490750078981
3242434378783653893
3244606495947423749
3382769480394473477
30028539090998
30028550896915
3382769680303128581
3382769819482456069
3243884828253880325
3243884715284103173
3382463106217082885
3243030351923773445
3382768107242258437
3382769657741901829
3382769832015167493
3218939978031300613
30000037678120
3382769797638914053
30028543682518
3242796249273794565
3382769859119022085
3243159451464499205
30000035190621
3382769318443876357
30000012502933
3243158916564385797
3242169502656036869
30028548518988
3182716823343661061
3242434841507528709
30000032789689
3382756210325258245
3382768980177584133
3242434999435919365
30028548219578
30000037775644
30000035789638
30028546455583
3382769821735387141
30000034506490
3357427121403985925
30028550670595
3382768288763019269
3375903608027021317
3281600916861353989
3382769560358813701
3382769064504131589
30028547149068
3244609606745391109
30028547957115
3382769998739079173
3242792506356531205
3382768993100300293
3382769716994637829
3242555222805643269
3382769550644936709
3244606744090640389
3243014536717533189
30028539369688